last_name,first_name,player_id,year,player_age,hit,batting_avg,slg_percent,on_base_plus_slg,babip,xba,xslg,xobp,exit_velocity_avg,barrel_batted_rate,WAR, salary 
Abreu, Jose,547989,2018,31,132,0.265,0.473,0.798,0.294,0.277,0.493,0.341,91.3,9.1,2,13000000.00
Abreu, Jose,547989,2019,32,180,0.284,0.503,0.833,0.32,0.279,0.517,0.332,92.1,12.8,2.5,16000000.00
Abreu, Jose,547989,2016,29,183,0.293,0.468,0.821,0.327,0.28,0.467,0.344,89.7,7.9,3.1,13334000.00
Abreu, Jose,547989,2015,28,178,0.29,0.502,0.849,0.333,0.27,0.456,0.33,91,9.3,3.5,8666000.00
Abreu, Jose,547989,2022,35,183,0.304,0.446,0.824,0.35,0.296,0.486,0.372,92.2,9.5,4.2,19666667.00
Abreu, Jose,547989,2017,30,189,0.304,0.552,0.906,0.33,0.29,0.52,0.342,90.6,9.5,4.9,10825000.00
Abreu,Jose,547989,2021,34,148,0.261,0.481,0.832,0.293,0.252,0.457,0.347,92,10.2,2.9,17666666.00
Acuna Jr., Ronald,660670,2022,24,124,0.266,0.413,0.764,0.331,0.272,0.484,0.358,91.2,12.8,2.7,15000000.00
Acuna Jr., Ronald,660670,2019,21,175,0.28,0.518,0.883,0.337,0.279,0.574,0.365,90.6,15,5.1,560000.00
Adames, Willy,642715,2019,23,135,0.254,0.418,0.735,0.32,0.25,0.437,0.313,88.5,8.4,3.9,562400.00
Adames, Willy,642715,2022,26,134,0.238,0.458,0.756,0.278,0.238,0.451,0.299,88.9,13,4.4,4600000.00
Adames,Willy,642715,2021,25,130,0.262,0.481,0.818,0.331,0.236,0.438,0.314,89.5,11.4,4.2,158600.00
Aguilar, Jesus,542583,2022,32,109,0.235,0.379,0.66,0.278,0.24,0.393,0.288,87.7,6.9,-1,7300000.00
Aguilar, Jesus,542583,2018,28,135,0.274,0.539,0.891,0.309,0.253,0.489,0.338,89.8,11.4,3.4,557200.00
Aguilar,Jesus,542583,2021,31,117,0.261,0.459,0.788,0.279,0.26,0.453,0.329,89.6,8.5,1.4,4300000.00
Ahmed, Nick,605113,2018,28,121,0.234,0.411,0.701,0.265,0.24,0.373,0.295,86.9,5.1,4.1,1275000.00
Ahmed, Nick,605113,2019,29,141,0.254,0.437,0.753,0.28,0.256,0.422,0.322,87.8,6.6,4.2,3663000.00
Alberto, Hanser,593643,2019,26,160,0.305,0.422,0.751,0.318,0.279,0.392,0.305,84.4,2.9,3.5,578000.00
Albies, Ozzie,645277,2018,21,167,0.261,0.452,0.757,0.285,0.246,0.398,0.291,86.8,4.7,4.1,555000.00
Albies, Ozzie,645277,2019,22,189,0.295,0.5,0.852,0.325,0.282,0.482,0.341,88.9,6.6,4.9,575000.00
Albies,Ozzie,645277,2021,24,163,0.259,0.488,0.798,0.278,0.257,0.461,0.309,89.6,9.3,0.5,1650000.00
Alonso, Pete,624413,2022,27,162,0.271,0.518,0.87,0.279,0.262,0.486,0.345,89.8,12.3,4.4,7400000.00
Alonso, Pete,624413,2019,24,155,0.26,0.583,0.941,0.28,0.257,0.551,0.358,90.7,15.8,5.5,555000.00
Alonso, Yonder,475174,2016,29,122,0.253,0.367,0.683,0.284,0.259,0.399,0.324,88.6,4.1,-0.2,2650000.00
Alonso, Yonder,475174,2018,31,129,0.25,0.421,0.738,0.283,0.254,0.441,0.322,87.8,9.8,1.5,7000000.00
Alonso, Yonder,475174,2017,30,120,0.266,0.501,0.866,0.302,0.26,0.497,0.359,89.2,9.9,2.1,4000000.00
Alonso,Pete,624413,2021,26,147,0.262,0.519,0.863,0.274,0.271,0.542,0.352,91,14.8,4.1,14500000.00
Altuve, Jose,514888,2019,29,149,0.298,0.55,0.903,0.303,0.268,0.484,0.328,87.4,8.1,3.8,9500000.00
Altuve, Jose,514888,2015,25,200,0.313,0.459,0.812,0.329,0.262,0.382,0.307,86.1,3.1,4,2500000.00
Altuve, Jose,514888,2018,28,169,0.316,0.451,0.837,0.352,0.288,0.449,0.36,87.2,5.9,5.1,9000000.00
Altuve, Jose,514888,2022,32,158,0.3,0.533,0.92,0.315,0.269,0.44,0.362,85.9,7.7,5.1,29000000.00
Altuve, Jose,514888,2017,27,204,0.346,0.547,0.957,0.37,0.291,0.477,0.363,86.1,6.7,7.7,4500000.00
Altuve, Jose,514888,2016,26,216,0.338,0.531,0.927,0.347,0.318,0.526,0.382,88.3,6.9,7.9,3500000.00
Altuve,Jose,514888,2021,31,167,0.278,0.489,0.839,0.28,0.262,0.421,0.339,87.7,6.4,4.5,29000000.00
Alvarez, Yordan,670541,2022,25,144,0.306,0.613,1.019,0.32,0.329,0.672,0.43,95.2,21,6.8,764600.00
Alvarez,Yordan,670541,2021,24,149,0.277,0.531,0.877,0.32,0.279,0.57,0.351,93.2,15.9,3.1,609000.00
Anderson, Brian,605119,2018,25,161,0.273,0.4,0.757,0.332,0.261,0.407,0.347,90.2,5.8,3,545000.00
Anderson, Brian,605119,2019,26,120,0.261,0.468,0.81,0.305,0.253,0.454,0.337,89.9,8.9,3.3,585000.00
Anderson, Tim,641313,2017,24,151,0.257,0.402,0.678,0.328,0.246,0.387,0.266,85.6,5.1,-0.4,850000.00
Anderson, Tim,641313,2018,25,136,0.24,0.406,0.687,0.289,0.226,0.362,0.269,85.8,4.7,3.7,1000000.00
Anderson, Tim,641313,2019,26,167,0.335,0.508,0.865,0.399,0.287,0.456,0.311,88.3,5.1,4.2,14000000.00
Anderson,Tim,641313,2021,28,163,0.309,0.469,0.807,0.372,0.284,0.448,0.314,89.6,7.8,4.7,7250000.00
Andrus, Elvis,462101,2019,30,165,0.275,0.393,0.706,0.305,0.271,0.401,0.315,88.4,3.5,1.5,15250000.00
Andrus, Elvis,462101,2015,26,154,0.258,0.357,0.666,0.283,0.249,0.336,0.306,87.3,1.5,1.8,15000000.00
Andrus, Elvis,462101,2016,27,153,0.302,0.439,0.801,0.333,0.278,0.383,0.343,87.4,1.8,2.9,15000000.00
Andrus, Elvis,462101,2022,33,133,0.249,0.404,0.707,0.272,0.245,0.36,0.3,87.9,4.5,3,14250000.00
Andrus, Elvis,462101,2017,28,191,0.297,0.471,0.808,0.325,0.264,0.406,0.308,86.5,4.2,5.4,15000000.00
Andrus,Elvis,462101,2021,32,121,0.243,0.32,0.614,0.283,0.273,0.375,0.324,87.8,2.1,0.6,14250000.00
Andujar, Miguel,609280,2018,23,170,0.297,0.527,0.855,0.316,0.275,0.434,0.309,89.2,6.3,2.9,1525000.00
Arcia, Orlando,606115,2019,24,110,0.223,0.35,0.633,0.253,0.222,0.351,0.287,87.9,4.3,-0.7,565700.00
Arcia, Orlando,606115,2017,22,140,0.277,0.407,0.731,0.317,0.243,0.352,0.296,85.7,3.9,2.3,538100.00
Arenado, Nolan,571448,2016,25,182,0.294,0.57,0.932,0.293,0.263,0.483,0.337,89.5,9,5.9,5000000.00
Arenado, Nolan,571448,2015,24,177,0.287,0.575,0.898,0.284,0.264,0.484,0.308,90.6,8.3,6.3,512500.00
Arenado, Nolan,571448,2018,27,175,0.297,0.561,0.935,0.314,0.267,0.477,0.35,89.8,7.2,6.4,17750000.00
Arenado, Nolan,571448,2017,26,187,0.309,0.586,0.959,0.32,0.28,0.525,0.349,88.8,8.5,6.7,11750000.00
Arenado, Nolan,571448,2019,28,185,0.315,0.583,0.962,0.312,0.27,0.48,0.341,89.4,8,7.3,26000000.00
Arenado, Nolan,571448,2022,31,163,0.293,0.533,0.891,0.29,0.266,0.445,0.335,88.8,8.2,7.9,35000000.00
Arenado,Nolan,571448,2021,30,151,0.255,0.494,0.806,0.249,0.248,0.42,0.308,89,6.7,4,35000000.00
Arozarena, Randy,668227,2022,27,154,0.263,0.445,0.772,0.325,0.234,0.382,0.301,89.9,7.9,2.8,716600.00
Arozarena,Randy,668227,2021,26,145,0.274,0.459,0.815,0.363,0.222,0.369,0.313,89.9,8.2,3.9,581200.00
Arraez, Luis,650333,2022,25,173,0.316,0.42,0.795,0.331,0.288,0.408,0.35,88.9,3.6,4.3,2125000.00
Aybar, Erick,430947,2015,31,161,0.27,0.338,0.639,0.3,0.275,0.352,0.309,85.7,0.9,2.2,8500000.00
Baez, Javier,595879,2017,24,128,0.273,0.48,0.797,0.345,0.239,0.429,0.287,87.9,8.4,2.6,609000.00
Baez, Javier,595879,2022,29,132,0.238,0.393,0.671,0.292,0.23,0.378,0.272,87.9,8,2.6,20000000.00
Baez, Javier,595879,2018,25,176,0.29,0.554,0.88,0.347,0.267,0.504,0.306,90.6,12.6,6.4,657000.00
Baez, Javier,595879,2019,26,149,0.281,0.531,0.847,0.345,0.264,0.506,0.301,91.1,12.7,6.6,5200000.00
Baez,Javier,595879,2021,28,133,0.265,0.494,0.813,0.352,0.241,0.455,0.299,90.1,13.4,4.5,11600000.00
Barnhart, Tucker,571466,2018,27,114,0.248,0.372,0.7,0.291,0.239,0.351,0.321,87.1,3.5,0.8,4437500.00
Bautista, Jose,430832,2017,36,119,0.203,0.366,0.674,0.239,0.21,0.38,0.316,88.3,6.6,-1,18000000.00
Bautista, Jose,430832,2016,35,99,0.234,0.452,0.818,0.255,0.252,0.432,0.383,91.5,8.3,1.2,14000000.00
Bautista, Jose,430832,2015,34,136,0.25,0.536,0.913,0.237,0.26,0.514,0.388,92,12.6,4.8,14000000.00
Beckham, Tim,542921,2017,27,148,0.278,0.454,0.782,0.365,0.261,0.446,0.313,88.4,9.5,2.5,885000.00
Bell, Josh,605137,2017,24,140,0.255,0.466,0.8,0.278,0.261,0.432,0.341,87.6,6.4,0.7,549000.00
Bell, Josh,605137,2018,25,131,0.261,0.411,0.768,0.305,0.257,0.417,0.354,90.2,7,0.7,572500.00
Bell, Josh,605137,2019,26,146,0.277,0.569,0.936,0.288,0.285,0.561,0.376,92.4,12.7,2.8,587000.00
Bell, Josh,605137,2022,29,147,0.266,0.422,0.784,0.296,0.273,0.424,0.369,88.9,7.2,3,10000000.00
Bell,Josh,605137,2021,28,130,0.261,0.476,0.823,0.276,0.277,0.488,0.363,92.5,8.8,3.1,6350000.00
Bellinger, Cody,641355,2022,26,106,0.21,0.389,0.654,0.255,0.213,0.354,0.271,89.4,8.3,1.2,17000000.00
Bellinger, Cody,641355,2017,21,128,0.267,0.581,0.933,0.299,0.254,0.54,0.343,90.8,12.2,3.9,535000.00
Bellinger, Cody,641355,2018,22,145,0.26,0.47,0.813,0.313,0.237,0.432,0.326,89.8,8.6,4.2,585000.00
Bellinger, Cody,641355,2019,23,170,0.305,0.629,1.035,0.301,0.319,0.635,0.421,91.1,12.7,8.6,605000.00
Belt, Brandon,474832,2019,31,123,0.234,0.403,0.742,0.275,0.242,0.457,0.349,87.3,8.7,0.5,17200000.00
Belt, Brandon,474832,2015,27,138,0.28,0.478,0.834,0.363,0.274,0.508,0.355,89.8,10,4.1,3600000.00
Belt, Brandon,474832,2016,28,149,0.275,0.474,0.868,0.346,0.266,0.493,0.391,87.2,11.3,4.1,6200000.00
Beltran, Carlos,136860,2017,40,108,0.231,0.383,0.666,0.263,0.229,0.369,0.284,87.3,4.6,-0.8,16000000.00
Beltran, Carlos,136860,2015,38,132,0.276,0.471,0.808,0.297,0.274,0.448,0.34,90.6,5.8,1.1,15000000.00
Beltran, Carlos,136860,2016,39,163,0.295,0.513,0.85,0.315,0.268,0.434,0.314,90.1,6.8,2.2,15000000.00
Beltre, Adrian,134181,2015,36,163,0.287,0.453,0.787,0.295,0.295,0.482,0.346,89.5,5.5,4.4,16000000.00
Beltre, Adrian,134181,2016,37,175,0.3,0.521,0.879,0.293,0.29,0.509,0.35,90.1,8.5,6.7,18000000.00
Benintendi, Andrew,643217,2019,24,144,0.266,0.431,0.774,0.333,0.262,0.456,0.34,89.1,8.1,1.8,717500.00
Benintendi, Andrew,643217,2017,22,155,0.271,0.424,0.776,0.301,0.265,0.435,0.349,87.5,5.5,2.8,549000.00
Benintendi, Andrew,643217,2022,27,140,0.304,0.399,0.772,0.352,0.273,0.407,0.347,89.2,5.1,3.2,8500000.00
Benintendi, Andrew,643217,2018,23,168,0.29,0.465,0.831,0.328,0.282,0.449,0.36,88.6,6.4,4.8,620500.00
Benintendi,Andrew,643217,2021,26,136,0.276,0.442,0.766,0.309,0.261,0.456,0.313,89.6,8.9,2.6,6600000.00
Betts, Mookie,605141,2015,22,174,0.291,0.479,0.82,0.31,0.283,0.445,0.336,90.4,5.5,6.1,514500.00
Betts, Mookie,605141,2017,24,166,0.264,0.459,0.803,0.268,0.273,0.436,0.355,88.4,4.5,6.4,950000.00
Betts, Mookie,605141,2022,29,154,0.269,0.533,0.873,0.272,0.254,0.465,0.327,90.5,9.7,6.4,22916666.00
Betts, Mookie,605141,2019,26,176,0.295,0.524,0.915,0.309,0.311,0.577,0.408,91,10.3,7.3,20000000.00
Betts, Mookie,605141,2016,23,214,0.318,0.534,0.897,0.322,0.278,0.446,0.33,89.7,5.2,9.5,566000.00
Betts, Mookie,605141,2018,25,180,0.346,0.64,1.078,0.368,0.309,0.606,0.41,92.2,14.1,10.7,10500000.00
Betts,Mookie,605141,2021,28,123,0.264,0.487,0.854,0.276,0.263,0.445,0.369,90.3,7.8,4,22916667.00
Bichette, Bo,666182,2022,24,189,0.29,0.469,0.802,0.347,0.278,0.444,0.322,91.9,9.6,3.6,825000.00
Bichette,Bo,666182,2021,23,191,0.298,0.484,0.827,0.339,0.291,0.489,0.337,91.4,9.9,5.8,587800.00
Blackmon, Charlie,453568,2022,35,140,0.264,0.419,0.733,0.304,0.256,0.376,0.308,86.2,4.4,-0.2,21000000.00
Blackmon, Charlie,453568,2018,31,182,0.291,0.502,0.86,0.329,0.276,0.445,0.346,87.5,6.5,1,12500000.00
Blackmon, Charlie,453568,2015,28,176,0.287,0.45,0.797,0.325,0.261,0.391,0.327,86.8,3.7,2,517500.00
Blackmon, Charlie,453568,2019,32,182,0.314,0.576,0.94,0.334,0.295,0.525,0.348,88.7,8.3,2.3,21500000.00
Blackmon, Charlie,453568,2016,29,187,0.324,0.552,0.933,0.35,0.296,0.486,0.358,87.7,6.8,4.6,3500000.00
Blackmon, Charlie,453568,2017,30,213,0.331,0.601,1,0.371,0.29,0.519,0.363,87.3,8.7,5.5,7300000.00
Blackmon,Charlie,453568,2021,34,139,0.27,0.411,0.762,0.305,0.291,0.45,0.369,87.6,7,1,21500000.00
Bogaerts, Xander,593428,2017,24,156,0.273,0.403,0.746,0.327,0.243,0.332,0.317,87.3,1.3,2.3,4500000.00
Bogaerts, Xander,593428,2016,23,192,0.294,0.446,0.802,0.335,0.257,0.402,0.324,89,5.3,3.8,650500.00
Bogaerts, Xander,593428,2015,22,196,0.32,0.421,0.776,0.372,0.271,0.362,0.311,88,2.5,4.3,543000.00
Bogaerts, Xander,593428,2018,25,148,0.288,0.522,0.882,0.317,0.277,0.493,0.352,90.6,9.8,4.9,7050000.00
Bogaerts, Xander,593428,2022,29,171,0.307,0.456,0.833,0.362,0.259,0.383,0.338,88.1,6.5,5.9,20000000.00
Bogaerts, Xander,593428,2019,26,190,0.309,0.555,0.939,0.338,0.272,0.474,0.354,90.7,8.4,6.3,12000000.00
Bogaerts,Xander,593428,2021,28,156,0.295,0.493,0.863,0.333,0.28,0.468,0.359,89.6,9.7,5,20000000.00
Bohm, Alec,664761,2022,25,164,0.28,0.398,0.713,0.319,0.29,0.436,0.327,90.2,6.8,0.8,748000.00
Bradley Jr., Jackie,598265,2019,29,111,0.225,0.421,0.738,0.281,0.225,0.413,0.319,90.1,9.6,2,8550000.00
Bradley Jr., Jackie,598265,2018,28,111,0.234,0.403,0.717,0.299,0.257,0.459,0.335,92.2,10.3,2.5,6100000.00
Bradley Jr., Jackie,598265,2017,27,118,0.245,0.402,0.725,0.294,0.238,0.407,0.319,88.3,7.5,3.4,3600000.00
Bradley Jr., Jackie,598265,2016,26,149,0.267,0.486,0.835,0.312,0.241,0.434,0.33,90.3,8.6,5.8,546500.00
Brantley Jr., Michael,488726,2015,28,164,0.31,0.48,0.859,0.318,0.291,0.425,0.365,89,3.9,0.4,508700.00
Brantley Jr., Michael,488726,2018,31,176,0.309,0.468,0.832,0.319,0.306,0.452,0.365,90.2,3.5,3.8,11500000.00
Brantley Jr., Michael,488726,2019,32,179,0.311,0.503,0.875,0.32,0.293,0.473,0.36,88.8,5.5,4.8,16000000.00
Brantley Jr.,Michael,488726,2021,34,146,0.311,0.437,0.799,0.337,0.312,0.466,0.365,89.5,5.8,2.5,16000000.00
Braun, Ryan,460075,2019,35,131,0.285,0.505,0.848,0.325,0.266,0.47,0.328,91.5,9.5,1.7,19000000.00
Braun, Ryan,460075,2015,31,144,0.285,0.498,0.854,0.322,0.281,0.503,0.355,92.3,10.7,3.3,13000000.00
Braun, Ryan,460075,2016,32,156,0.305,0.538,0.903,0.326,0.282,0.47,0.348,90,8.4,4.3,20000000.00
Bregman, Alex,608324,2017,23,158,0.284,0.475,0.827,0.311,0.274,0.439,0.344,87.6,4.7,4,539400.00
Bregman, Alex,608324,2022,28,142,0.259,0.454,0.82,0.26,0.257,0.416,0.369,88.9,7.3,4.5,13000000.00
Bregman, Alex,608324,2018,24,170,0.286,0.532,0.926,0.289,0.267,0.464,0.38,89.4,7.6,7.9,599000.00
Bregman, Alex,608324,2019,25,164,0.296,0.592,1.015,0.281,0.263,0.453,0.402,89.3,4.8,8.9,640500.00
Brown, Seth,664913,2022,29,115,0.23,0.444,0.749,0.273,0.251,0.454,0.324,89.2,13,1.7,705000.00
Bruce, Jay,457803,2015,28,131,0.226,0.434,0.728,0.251,0.242,0.444,0.312,89.7,8.1,0.9,12000000.00
Bruce, Jay,457803,2016,29,135,0.25,0.506,0.815,0.266,0.249,0.466,0.309,88.9,8.4,1,12500000.00
Bruce, Jay,457803,2017,30,141,0.254,0.508,0.832,0.274,0.261,0.501,0.332,88.4,10.5,2.8,13000000.00
Bryant, Kris,592178,2019,27,153,0.282,0.521,0.903,0.331,0.247,0.463,0.353,87.6,9.3,4.4,12900000.00
Bryant, Kris,592178,2015,23,154,0.275,0.488,0.857,0.378,0.234,0.475,0.335,89.7,11.5,5.3,507500.00
Bryant, Kris,592178,2017,25,162,0.295,0.537,0.946,0.334,0.26,0.497,0.382,87,9.6,5.7,1050000.00
Bryant, Kris,592178,2016,24,176,0.292,0.554,0.939,0.332,0.267,0.548,0.365,89.3,11.7,7.3,652000.00
Bryant,Kris,592178,2021,29,136,0.265,0.481,0.834,0.313,0.26,0.449,0.349,88.2,10.3,3.3,19500000.00
Burns, Billy,542993,2015,25,153,0.294,0.392,0.726,0.339,0.239,0.288,0.284,83.2,0.5,3.2,507500.00
Butler, Billy,456714,2015,29,135,0.251,0.39,0.713,0.282,0.249,0.441,0.325,89.4,7.5,-0.6,6666000.00
Buxton, Byron,621439,2017,23,117,0.253,0.413,0.727,0.339,0.236,0.387,0.3,88.1,5.6,4.9,535000.00
Byrd, Marlon,407781,2015,37,125,0.247,0.453,0.743,0.297,0.238,0.435,0.285,86.3,8.5,1.4,8000000.00
Cabrera, Asdrubal,452678,2019,33,116,0.26,0.441,0.783,0.294,0.238,0.408,0.326,89.1,5.7,0.7,3500000.00
Cabrera, Asdrubal,452678,2018,32,143,0.262,0.458,0.774,0.296,0.251,0.432,0.306,90,7.2,1,8250000.00
Cabrera, Asdrubal,452678,2017,31,134,0.28,0.434,0.785,0.31,0.264,0.43,0.338,87.2,4.7,1.3,8250000.00
Cabrera, Asdrubal,452678,2015,29,134,0.265,0.43,0.745,0.306,0.227,0.385,0.283,88.3,5.4,1.6,7500000.00
Cabrera, Asdrubal,452678,2016,30,146,0.28,0.474,0.81,0.31,0.254,0.423,0.314,88.9,5.7,3.3,8250000.00
Cabrera, Melky,466320,2017,32,177,0.285,0.423,0.747,0.299,0.297,0.426,0.337,88.3,3.8,-0.2,15000000.00
Cabrera, Melky,466320,2015,30,172,0.273,0.394,0.708,0.297,0.274,0.371,0.319,89.6,2.4,1.5,13000000.00
Cabrera, Melky,466320,2016,31,175,0.296,0.455,0.8,0.314,0.276,0.384,0.329,89.5,2.1,2.5,14000000.00
Cabrera, Miguel,408234,2017,34,117,0.249,0.399,0.728,0.292,0.282,0.521,0.359,91.1,10.5,-0.9,28000000.00
Cabrera, Miguel,408234,2019,36,139,0.282,0.398,0.744,0.336,0.27,0.436,0.337,90.3,6.4,0,30000000.00
Cabrera, Miguel,408234,2015,32,145,0.338,0.534,0.974,0.384,0.323,0.595,0.431,93.8,10.6,4.9,22000000.00
Cabrera, Miguel,408234,2016,33,188,0.316,0.563,0.956,0.336,0.332,0.677,0.409,93.6,15.9,5.1,28000000.00
Cabrera,Miguel,408234,2021,38,121,0.256,0.386,0.702,0.305,0.234,0.42,0.301,91.4,8.3,-0.6,30000000.00
Cain, Lorenzo,456715,2019,33,146,0.26,0.372,0.697,0.301,0.287,0.414,0.352,89.5,4.1,2.6,15000000.00
Cain, Lorenzo,456715,2017,31,175,0.3,0.44,0.803,0.34,0.3,0.432,0.364,89.1,3.5,5.5,11000000.00
Cain, Lorenzo,456715,2018,32,166,0.308,0.417,0.812,0.357,0.282,0.389,0.373,89.1,3.4,6.9,14000000.00
Cain, Lorenzo,456715,2015,29,169,0.307,0.477,0.838,0.347,0.301,0.473,0.359,90.2,5.5,7,2725000.00
Calhoun, Kole,594777,2018,30,102,0.208,0.369,0.652,0.241,0.248,0.447,0.32,90.4,9.3,0,8500000.00
Calhoun, Kole,594777,2019,31,128,0.232,0.467,0.792,0.265,0.241,0.471,0.335,89.5,11.2,1.6,10500000.00
Calhoun, Kole,594777,2017,29,139,0.244,0.392,0.725,0.284,0.249,0.412,0.34,88.3,5.7,2,6000000.00
Calhoun, Kole,594777,2015,27,161,0.256,0.422,0.73,0.304,0.246,0.421,0.301,86.2,6.8,3.1,537500.00
Calhoun, Kole,594777,2016,28,161,0.271,0.438,0.786,0.309,0.271,0.454,0.351,89.8,6.2,3.2,3400000.00
Camargo, Johan,622666,2018,24,126,0.272,0.457,0.806,0.315,0.237,0.373,0.321,88,5,3.2,555000.00
Candelario, Jeimer,600869,2018,24,121,0.224,0.393,0.71,0.279,0.206,0.35,0.302,87.1,6,0.9,548300.00
Candelario,Jeimer,600869,2021,27,151,0.271,0.443,0.794,0.333,0.278,0.462,0.358,88.7,9,3.7,2850000.00
Canha, Mark,592192,2022,33,123,0.266,0.403,0.77,0.309,0.245,0.362,0.351,87.7,4.9,2.5,13000000.00
Canha,Mark,592192,2021,32,120,0.231,0.387,0.745,0.274,0.231,0.378,0.358,87.3,7.1,2.6,6920000.00
Cano, Robinson,429664,2017,34,166,0.28,0.453,0.791,0.294,0.294,0.486,0.352,90.3,6.3,2.9,24000000.00
Cano, Robinson,429664,2015,32,179,0.287,0.446,0.78,0.316,0.295,0.476,0.344,91,7.3,3.5,24000000.00
Cano, Robinson,429664,2016,33,195,0.298,0.533,0.883,0.299,0.283,0.478,0.338,90.1,7.3,7.3,24000000.00
Carlson,Dylan,666185,2021,22,144,0.266,0.437,0.78,0.332,0.247,0.407,0.328,88.2,7,3.1,577100.00
Carpenter, Matt,572761,2017,31,120,0.241,0.451,0.835,0.274,0.253,0.48,0.396,89.7,8.2,2.8,10000000.00
Carpenter, Matt,572761,2016,30,128,0.271,0.505,0.885,0.307,0.284,0.54,0.395,90.7,11.3,4.1,6500000.00
Carpenter, Matt,572761,2018,32,145,0.257,0.523,0.897,0.291,0.265,0.54,0.383,90.7,13.7,4.4,13750000.00
Carpenter, Matt,572761,2015,29,156,0.272,0.505,0.87,0.321,0.282,0.523,0.379,88.9,9.1,5,3750000.00
Carter, Chris,474892,2016,29,122,0.222,0.499,0.82,0.26,0.237,0.536,0.336,91.7,17.6,0.9,2500000.00
Castellanos, Nick,592206,2022,30,138,0.263,0.389,0.694,0.326,0.25,0.395,0.293,87.5,6.6,0,20000000.00
Castellanos, Nick,592206,2017,25,167,0.272,0.49,0.81,0.313,0.293,0.542,0.342,89.1,10.7,0.1,3000000.00
Castellanos, Nick,592206,2015,23,140,0.255,0.419,0.722,0.322,0.257,0.436,0.306,88.3,7.7,1.3,525000.00
Castellanos, Nick,592206,2018,26,185,0.298,0.5,0.854,0.361,0.296,0.525,0.353,89.6,11.2,2.8,6050000.00
Castellanos, Nick,592206,2019,27,178,0.289,0.525,0.862,0.337,0.279,0.541,0.329,89,10.9,2.8,9950000.00
Castellanos,Nick,592206,2021,29,164,0.309,0.576,0.938,0.34,0.293,0.535,0.35,89.8,10.6,3.4,14000000.00
Castro, Starlin,516770,2015,25,145,0.265,0.375,0.671,0.298,0.241,0.37,0.275,86.3,4.3,0.4,6857143.00
Castro, Starlin,516770,2019,29,172,0.27,0.436,0.736,0.293,0.268,0.435,0.301,88.5,6.2,1.1,11857143.00
Castro, Starlin,516770,2016,26,156,0.27,0.433,0.733,0.305,0.262,0.419,0.295,88.5,5.4,1.2,7857143.00
Castro, Starlin,516770,2018,28,165,0.278,0.4,0.729,0.33,0.257,0.402,0.311,88.5,6.9,1.7,10857143.00
Cervelli, Francisco,465041,2015,29,133,0.295,0.401,0.771,0.359,0.257,0.394,0.337,88.2,4.1,3.4,987500.00
Cespedes, Yoenis,493316,2016,30,134,0.28,0.53,0.884,0.298,0.282,0.529,0.358,91.7,9.8,3,27500000.00
Cespedes, Yoenis,493316,2015,29,184,0.291,0.542,0.87,0.323,0.294,0.546,0.336,92.2,11.1,6.2,10500000.00
Chapman, Matt,656305,2022,29,123,0.229,0.433,0.757,0.277,0.234,0.44,0.331,92.2,12.9,3.5,12500000.00
Chapman, Matt,656305,2018,25,152,0.278,0.508,0.864,0.338,0.257,0.432,0.338,93.1,8.9,7.6,547500.00
Chapman, Matt,656305,2019,26,145,0.249,0.506,0.848,0.27,0.251,0.502,0.345,92.7,12.1,7.8,580000.00
Chapman,Matt,656305,2021,28,111,0.21,0.403,0.717,0.272,0.209,0.423,0.315,89.7,13.7,3.5,6490000.00
Chisholm Jr.,Jazz,665862,2021,23,115,0.248,0.425,0.728,0.319,0.238,0.409,0.295,90.2,9,2.5,471750.00
Choo, Shin-Soo,425783,2017,34,142,0.261,0.423,0.78,0.305,0.269,0.476,0.368,88.7,8.6,0.8,20000000.00
Choo, Shin-Soo,425783,2019,36,149,0.265,0.455,0.826,0.333,0.263,0.474,0.37,91.9,8.8,1.6,21000000.00
Choo, Shin-Soo,425783,2018,35,148,0.264,0.434,0.811,0.33,0.25,0.464,0.365,89.3,11.1,2.7,20000000.00
Choo, Shin-Soo,425783,2015,32,153,0.276,0.463,0.838,0.335,0.254,0.444,0.36,90.9,8.4,3.2,14000000.00
Coghlan, Chris,458085,2015,30,110,0.25,0.443,0.784,0.284,0.244,0.402,0.337,88.5,5.5,2.2,2505000.00
Conforto, Michael,624424,2018,25,132,0.243,0.448,0.798,0.289,0.241,0.426,0.35,88,9.5,2.7,605094.00
Conforto, Michael,624424,2019,26,141,0.257,0.494,0.857,0.29,0.262,0.507,0.37,89.2,11.9,3.6,4025000.00
Contreras, Willson,575929,2018,26,118,0.249,0.39,0.729,0.313,0.218,0.361,0.314,88.2,7.3,3.1,604500.00
Correa, Carlos,621043,2022,27,152,0.291,0.467,0.833,0.339,0.276,0.484,0.353,89.9,11.4,5.5,35100000.00
Correa, Carlos,621043,2016,21,158,0.274,0.451,0.812,0.328,0.285,0.481,0.372,91,7.7,7,516700.00
Correa,Carlos,621043,2021,26,155,0.279,0.485,0.851,0.308,0.296,0.482,0.38,90.2,9.4,7.2,11700000.00
Cozart, Zack,446359,2016,30,117,0.252,0.425,0.733,0.274,0.24,0.362,0.298,86.3,2.3,2.2,2925000.00
Cozart, Zack,446359,2017,31,130,0.297,0.548,0.933,0.312,0.255,0.4,0.349,85.8,4.4,5.2,5325000.00
Crawford, Brandon,543063,2019,32,114,0.228,0.35,0.654,0.274,0.238,0.395,0.314,87.8,5.4,-0.5,15200000.00
Crawford, Brandon,543063,2018,31,135,0.254,0.394,0.719,0.302,0.251,0.376,0.326,87.5,3.6,1.5,15200000.00
Crawford, Brandon,543063,2017,30,131,0.253,0.403,0.708,0.292,0.241,0.394,0.3,87.5,5.8,2.1,8200000.00
Crawford, Brandon,543063,2016,29,152,0.275,0.43,0.772,0.322,0.252,0.408,0.328,88.9,5.4,5.5,6000000.00
Crawford, Brandon,543063,2015,28,130,0.256,0.462,0.783,0.294,0.262,0.484,0.33,90.3,8.7,5.8,3175000.00
Crawford, J.P.,641487,2022,27,126,0.243,0.336,0.675,0.275,0.255,0.337,0.353,85.1,2,2.7,6000000.00
Crawford,Brandon,543063,2021,34,144,0.298,0.522,0.895,0.334,0.259,0.492,0.341,88.8,11.5,6.1,15200000.00
Crawford,J.P.,641487,2021,26,169,0.273,0.376,0.714,0.32,0.257,0.339,0.325,86.3,2.4,3.8,2050000.00
Cron, C.J.,543068,2022,32,148,0.257,0.468,0.783,0.307,0.243,0.435,0.305,88.7,10.8,2.1,7250000.00
Cron, C.J.,543068,2018,28,127,0.253,0.493,0.816,0.293,0.247,0.483,0.319,88,12.2,2.3,2300000.00
Cron,C.J.,543068,2021,31,132,0.281,0.53,0.905,0.316,0.261,0.481,0.36,88.8,11.5,3.3,1000000.00
Cronenworth, Jake,630105,2022,28,140,0.239,0.39,0.722,0.275,0.221,0.356,0.319,87.6,5.6,4.1,757200.00
Cronenworth,Jake,630105,2021,27,151,0.266,0.46,0.8,0.283,0.276,0.443,0.351,88.6,7.2,4.8,584900.00
Cruz Jr., Nelson,443558,2022,41,105,0.234,0.337,0.65,0.295,0.241,0.399,0.323,90.9,9.3,0.1,12000000.00
Cruz Jr., Nelson,443558,2018,37,133,0.256,0.509,0.851,0.264,0.281,0.566,0.365,93.9,13.8,2.9,14250000.00
Cruz Jr., Nelson,443558,2017,36,160,0.288,0.549,0.924,0.315,0.288,0.597,0.378,93.2,14.2,4.3,14250000.00
Cruz Jr., Nelson,443558,2019,38,141,0.311,0.639,1.031,0.351,0.29,0.637,0.377,93.7,19.9,4.4,14000000.00
Cruz Jr., Nelson,443558,2016,35,169,0.287,0.555,0.915,0.32,0.279,0.595,0.356,94.6,16.5,4.8,14250000.00
Cruz Jr., Nelson,443558,2015,34,178,0.302,0.566,0.935,0.35,0.286,0.546,0.357,92.7,14.1,5.1,14250000.00
Cruz Jr.,Nelson,443558,2021,40,136,0.265,0.497,0.831,0.286,0.264,0.512,0.341,92.9,13.6,2.5,13000000.00
Cuthbert, Cheslor,596144,2016,23,130,0.274,0.413,0.731,0.32,0.232,0.329,0.28,89.3,2.4,0.3,750000.00
Davis, Chris,448801,2018,32,79,0.168,0.296,0.539,0.237,0.188,0.354,0.263,89.3,10.3,-3.3,23000000.00
Davis, Chris,448801,2017,31,98,0.215,0.423,0.732,0.301,0.223,0.447,0.32,90.1,12.8,-0.6,23000000.00
Davis, Chris,448801,2016,30,125,0.221,0.459,0.791,0.279,0.22,0.493,0.334,91.1,15.1,3.1,23000000.00
Davis, Chris,448801,2015,29,150,0.262,0.562,0.923,0.319,0.262,0.589,0.364,92,17.3,4.9,12000000.00
Davis, Khris,501981,2019,31,106,0.22,0.387,0.68,0.264,0.232,0.435,0.306,90.2,9.8,-0.2,16500000.00
Davis, Khris,501981,2016,28,137,0.247,0.524,0.831,0.27,0.251,0.564,0.313,92,17,2.5,524500.00
Davis, Khris,501981,2017,29,140,0.247,0.528,0.864,0.29,0.259,0.575,0.349,92.2,17.7,2.7,5000000.00
Davis, Khris,501981,2018,30,142,0.247,0.549,0.875,0.261,0.247,0.566,0.329,92.5,17.2,2.9,10500000.00
DeJong, Paul,657557,2019,25,136,0.233,0.444,0.762,0.259,0.237,0.446,0.325,87,8.6,5.3,1666667.00
Desmond, Ian,435622,2018,32,131,0.236,0.422,0.729,0.279,0.228,0.384,0.301,90.1,7,-0.1,22000000.00
Desmond, Ian,435622,2015,29,136,0.233,0.384,0.674,0.307,0.218,0.362,0.278,90.8,6.9,2,11000000.00
Desmond, Ian,435622,2016,30,178,0.285,0.446,0.781,0.35,0.258,0.424,0.313,90.7,7.5,2.2,8000000.00
Devers, Rafael,646240,2022,25,164,0.295,0.521,0.879,0.329,0.282,0.497,0.348,93.1,11.5,4.4,11200000.00
Devers, Rafael,646240,2019,22,201,0.311,0.555,0.916,0.339,0.298,0.528,0.351,92.5,9,5.4,614500.00
Devers,Rafael,646240,2021,24,165,0.279,0.538,0.89,0.307,0.291,0.567,0.366,92.9,15,3.7,4575000.00
Diaz, Yandy,650490,2022,30,140,0.296,0.423,0.824,0.323,0.288,0.424,0.395,92.2,4.8,3.4,2800000.00
Diaz,Yandy,650490,2021,29,119,0.256,0.387,0.74,0.286,0.254,0.399,0.353,89.9,7,1.5,588900.00
Dickerson, Corey,572816,2016,27,125,0.245,0.469,0.762,0.285,0.23,0.438,0.28,89,11.1,1.6,522900.00
Dickerson, Corey,572816,2017,28,166,0.282,0.49,0.815,0.338,0.255,0.444,0.299,87.2,7.5,2.7,3025000.00
Dickerson, Corey,572816,2018,29,151,0.3,0.474,0.804,0.333,0.283,0.45,0.317,87.9,6.1,3.6,5950000.00
Dietrich, Derek,518618,2018,28,132,0.265,0.421,0.751,0.336,0.237,0.382,0.306,87.4,6.1,-0.3,2900000.00
Donaldson, Josh,518626,2022,36,106,0.222,0.374,0.682,0.283,0.215,0.37,0.303,90.7,9.8,2.3,21750000.00
Donaldson, Josh,518626,2019,33,142,0.259,0.521,0.9,0.292,0.262,0.53,0.383,92.9,15.7,5.4,23000000.00
Donaldson, Josh,518626,2015,29,184,0.297,0.568,0.939,0.314,0.28,0.546,0.359,92.5,12.2,7.1,4300000.00
Donaldson, Josh,518626,2016,30,164,0.284,0.549,0.953,0.3,0.279,0.553,0.401,92.2,12.3,7.2,11650000.00
Donaldson,Josh,518626,2021,35,113,0.247,0.475,0.827,0.268,0.269,0.542,0.372,94.1,17.4,3.2,21750000.00
Dozier, Brian,572821,2018,31,119,0.215,0.391,0.696,0.24,0.204,0.343,0.299,86.8,6.3,1,9000000.00
Dozier, Brian,572821,2015,28,148,0.236,0.444,0.751,0.261,0.22,0.38,0.296,87.2,5.9,2.8,2000000.00
Dozier, Brian,572821,2017,30,167,0.271,0.498,0.857,0.3,0.244,0.468,0.336,87.9,8.4,4.7,6000000.00
Dozier, Brian,572821,2016,29,165,0.268,0.546,0.886,0.28,0.235,0.46,0.311,88.1,8.3,5.8,3000000.00
Dozier, Hunter,641531,2019,27,146,0.279,0.522,0.87,0.339,0.26,0.468,0.331,91.1,10,2.8,567225.00
Dozier,Hunter,641531,2021,29,105,0.216,0.394,0.679,0.276,0.224,0.388,0.295,89.9,8.8,-2.4,2500000.00
Drury, Brandon,592273,2022,29,136,0.263,0.492,0.812,0.293,0.242,0.42,0.303,89.1,10.4,2.6,700000.00
Duda, Lucas,446263,2015,29,115,0.244,0.486,0.838,0.285,0.254,0.504,0.363,91.7,11.6,2.8,4200000.00
Duffy, Matt,622110,2018,27,148,0.294,0.366,0.727,0.353,0.269,0.351,0.339,86.8,1.2,2.9,930000.00
Duffy, Matt,622110,2015,24,169,0.295,0.428,0.762,0.336,0.281,0.419,0.324,88,4,3.9,509000.00
Duvall, Adam,594807,2017,28,146,0.249,0.48,0.781,0.29,0.226,0.42,0.284,87.3,8.9,2,577500.00
Duvall, Adam,594807,2016,27,133,0.241,0.498,0.795,0.275,0.247,0.491,0.304,88.6,12.1,3.3,510000.00
Duvall,Adam,594807,2021,32,117,0.228,0.491,0.772,0.26,0.227,0.499,0.281,89.8,16.1,3.1,5000000.00
Eaton, Adam,594809,2019,30,158,0.279,0.428,0.793,0.319,0.256,0.406,0.346,88.9,3.8,1.8,8400000.00
Eaton, Adam,594809,2015,26,175,0.287,0.431,0.792,0.345,0.251,0.35,0.332,88.1,3.1,4.1,850000.00
Eaton, Adam,594809,2016,27,176,0.284,0.428,0.79,0.329,0.268,0.397,0.351,89.1,3.1,6.6,2750000.00
Edman, Tommy,669242,2022,27,153,0.265,0.4,0.724,0.308,0.258,0.38,0.318,88.6,6.2,6.3,722900.00
Edman,Tommy,669242,2021,26,168,0.262,0.387,0.695,0.291,0.274,0.401,0.32,87.5,4.2,3.5,4200000.00
Ellsbury, Jacoby,453056,2016,32,145,0.263,0.374,0.704,0.295,0.267,0.36,0.334,86.9,1.7,2.7,21142857.00
Encarnacion, Edwin,429665,2018,35,123,0.246,0.474,0.81,0.265,0.245,0.479,0.341,89.9,11.2,1.9,18667000.00
Encarnacion, Edwin,429665,2017,34,143,0.258,0.504,0.881,0.271,0.266,0.53,0.387,89.2,10.3,2.8,14666000.00
Encarnacion, Edwin,429665,2016,33,158,0.263,0.529,0.886,0.27,0.263,0.536,0.36,90.8,12.3,4.1,10000000.00
Encarnacion, Edwin,429665,2015,32,146,0.277,0.557,0.929,0.267,0.265,0.519,0.366,90.1,10,4.9,10000000.00
Escobar, Alcides,444876,2018,31,112,0.231,0.313,0.592,0.263,0.238,0.327,0.288,84.6,2.1,-2.2,2500000.00
Escobar, Alcides,444876,2017,30,150,0.25,0.357,0.629,0.291,0.253,0.355,0.275,84,2.2,-0.7,6500000.00
Escobar, Alcides,444876,2016,29,166,0.261,0.35,0.642,0.295,0.244,0.322,0.277,84,1.4,0.7,5250000.00
Escobar, Alcides,444876,2015,28,157,0.257,0.32,0.613,0.286,0.262,0.329,0.3,84.6,0.9,1,3000000.00
Escobar, Eduardo,500871,2022,33,119,0.24,0.43,0.725,0.281,0.243,0.427,0.3,88.3,9.4,1.2,10000000.00
Escobar, Eduardo,500871,2018,29,154,0.272,0.489,0.823,0.308,0.247,0.43,0.316,86.5,8.3,3.1,4850000.00
Escobar, Eduardo,500871,2019,30,171,0.269,0.511,0.831,0.283,0.254,0.464,0.31,87.8,7,3.3,6166666.00
Escobar, Yunel,488862,2016,33,157,0.304,0.391,0.746,0.339,0.279,0.382,0.334,89.3,2.8,1.2,7000000.00
Escobar, Yunel,488862,2015,32,168,0.314,0.415,0.79,0.347,0.284,0.4,0.349,89.7,3,2,5000000.00
Escobar,Eduardo,500871,2021,32,139,0.253,0.472,0.786,0.279,0.249,0.453,0.31,87,8.9,2.5,7666667.00
Espinosa, Danny,457787,2016,29,108,0.209,0.378,0.684,0.261,0.197,0.361,0.3,90.1,8.2,2,2875000.00
Estrada, Thairo,642731,2022,26,127,0.26,0.4,0.722,0.29,0.246,0.352,0.312,86.2,4.4,1.6,715000.00
Farmer, Kyle,571657,2022,31,134,0.255,0.386,0.701,0.286,0.258,0.38,0.32,85.5,4.4,1,3155000.00
Farmer,Kyle,571657,2021,30,127,0.263,0.416,0.732,0.296,0.252,0.383,0.306,87.2,4.3,1.3,640000.00
Fielder, Prince,425902,2015,31,187,0.305,0.463,0.841,0.323,0.277,0.455,0.356,90.9,6.4,2,24000000.00
Fletcher, David,664058,2019,25,173,0.29,0.384,0.734,0.317,0.292,0.371,0.352,83.8,0.2,3.9,561500.00
Fletcher,David,664058,2021,27,164,0.262,0.324,0.621,0.287,0.272,0.32,0.307,82.3,0,1.8,2000000.00
Flores, Wilmer,527038,2022,30,120,0.229,0.394,0.71,0.246,0.233,0.37,0.322,87.8,6.3,0.7,3500000.00
Flores, Wilmer,527038,2015,23,127,0.263,0.408,0.703,0.273,0.236,0.339,0.273,86.4,1.9,1.2,513543.00
Forsythe, Logan,523253,2016,29,135,0.264,0.444,0.777,0.314,0.271,0.478,0.34,90,7.5,3.5,2250000.00
Forsythe, Logan,523253,2015,28,152,0.281,0.444,0.803,0.323,0.25,0.393,0.334,88.4,3.7,4.6,1100000.00
Fowler, Dexter,451594,2019,33,116,0.238,0.409,0.755,0.294,0.25,0.421,0.357,85.5,7.4,1.4,16500000.00
Fowler, Dexter,451594,2015,29,149,0.25,0.411,0.757,0.308,0.231,0.347,0.331,87.2,4.5,2.4,9500000.00
Fowler, Dexter,451594,2016,30,126,0.276,0.447,0.84,0.35,0.255,0.407,0.378,88.1,5.6,4,8000000.00
France, Ty,664034,2022,27,151,0.274,0.436,0.774,0.296,0.262,0.397,0.33,87.6,5.4,3.1,734000.00
France,Ty,664034,2021,26,166,0.291,0.445,0.813,0.327,0.27,0.435,0.353,88.5,6.8,4.4,587500.00
Franco, Maikel,596748,2017,24,132,0.23,0.409,0.69,0.234,0.246,0.397,0.299,88.8,6,0,560000.00
Franco, Maikel,596748,2016,23,148,0.255,0.427,0.733,0.271,0.259,0.431,0.313,89.5,6.9,0.6,517500.00
Frazier, Adam,624428,2022,30,129,0.238,0.311,0.612,0.268,0.262,0.339,0.324,85.1,1.5,0.7,8000000.00
Frazier, Adam,624428,2019,27,154,0.278,0.417,0.753,0.306,0.275,0.403,0.334,87.1,1.9,2.5,584000.00
Frazier, Todd,453943,2017,31,101,0.213,0.428,0.772,0.226,0.234,0.456,0.363,87.5,9.6,2.9,12000000.00
Frazier, Todd,453943,2016,30,133,0.225,0.464,0.766,0.236,0.22,0.427,0.299,89.1,10.1,3.4,8250000.00
Frazier, Todd,453943,2015,29,158,0.255,0.498,0.807,0.271,0.251,0.461,0.307,89.6,9,3.5,4500000.00
Frazier,Adam,624428,2021,29,176,0.305,0.411,0.779,0.339,0.288,0.376,0.353,85.4,1,4,4300000.00
Freeman, Freddie,518692,2019,29,176,0.295,0.549,0.938,0.318,0.294,0.569,0.389,89.7,12.3,3.7,21000000.00
Freeman, Freddie,518692,2017,27,135,0.307,0.586,0.989,0.335,0.292,0.595,0.392,89.7,13.3,4.7,20500000.00
Freeman, Freddie,518692,2018,28,191,0.309,0.505,0.893,0.358,0.298,0.533,0.381,89.1,9.3,5.5,21000000.00
Freeman, Freddie,518692,2022,32,199,0.325,0.511,0.918,0.359,0.313,0.538,0.4,91.3,9.9,5.9,27000000.00
Freeman, Freddie,518692,2016,26,178,0.302,0.569,0.969,0.37,0.282,0.568,0.386,91.3,13.2,6.3,12000000.00
Freeman,Freddie,518692,2021,31,180,0.3,0.503,0.896,0.321,0.32,0.583,0.41,91.4,11.5,4.9,22000000.00
Freese, David,501896,2017,34,112,0.263,0.371,0.739,0.336,0.258,0.395,0.368,88.9,6.4,2.2,6250000.00
Gallo, Joey,608336,2018,24,103,0.206,0.498,0.81,0.249,0.231,0.543,0.334,94.3,22.5,2.4,560000.00
Gallo, Joey,608336,2017,23,94,0.209,0.537,0.87,0.25,0.224,0.56,0.345,93.3,22.1,2.9,537120.00
Gallo,Joey,608336,2021,27,99,0.199,0.458,0.809,0.246,0.202,0.464,0.354,91.5,18.5,4.6,6200000.00
Galvis, Freddy,520471,2015,25,147,0.263,0.343,0.645,0.309,0.237,0.33,0.28,86.1,2.1,0.1,513500.00
Galvis, Freddy,520471,2016,26,141,0.241,0.399,0.673,0.28,0.229,0.344,0.265,87.4,2.8,1.1,2000000.00
Galvis, Freddy,520471,2018,28,149,0.248,0.38,0.679,0.304,0.218,0.341,0.276,88.6,3.9,1.9,6825000.00
Galvis, Freddy,520471,2017,27,155,0.255,0.382,0.691,0.292,0.242,0.36,0.298,86.3,2.4,2.1,4350000.00
Galvis, Freddy,520471,2019,29,145,0.26,0.438,0.734,0.312,0.235,0.384,0.273,88.8,5.5,3.1,4000000.00
Gamel, Ben,592325,2017,25,140,0.275,0.413,0.735,0.34,0.254,0.378,0.304,86.3,4.1,1,1000000.00
Garcia, Adolis,666969,2022,29,151,0.25,0.456,0.756,0.309,0.244,0.447,0.296,92.1,12.9,3.6,714000.00
Garcia, Adonis,611177,2016,31,145,0.273,0.406,0.717,0.308,0.28,0.424,0.319,89,5.2,-0.2,508750.00
Garcia, Avisail,541645,2015,24,142,0.257,0.365,0.674,0.32,0.271,0.409,0.326,88.5,4.8,0.3,523000.00
Garcia, Avisail,541645,2019,28,138,0.282,0.464,0.796,0.34,0.271,0.492,0.323,89.5,11.7,2.2,3500000.00
Garcia, Avisail,541645,2017,26,171,0.33,0.506,0.886,0.392,0.296,0.513,0.349,90.3,8.8,4.4,3000000.00
Garcia, Leury,544725,2019,28,161,0.279,0.378,0.688,0.353,0.242,0.351,0.275,88.2,3.8,1.3,1550000.00
Garcia,Adolis,666969,2021,28,141,0.243,0.454,0.74,0.306,0.22,0.422,0.267,91,11.5,3.7,534743.00
Garcia,Avisail,541645,2021,30,121,0.262,0.49,0.82,0.291,0.278,0.514,0.346,90.4,12.2,3,10750000.00
Gardner, Brett,458731,2016,32,143,0.261,0.362,0.713,0.31,0.252,0.345,0.344,86.5,2.4,3.2,13500000.00
Gardner, Brett,458731,2018,34,125,0.236,0.368,0.69,0.272,0.226,0.334,0.315,88,2.8,3.3,11500000.00
Gardner, Brett,458731,2015,31,148,0.259,0.399,0.742,0.312,0.258,0.394,0.346,88.8,4,3.6,12500000.00
Gardner, Brett,458731,2019,35,123,0.251,0.503,0.828,0.265,0.232,0.361,0.311,87.7,3.9,4.3,7500000.00
Gardner, Brett,458731,2017,33,157,0.264,0.428,0.778,0.3,0.269,0.404,0.355,86.4,3.8,5,12500000.00
Gattis, Evan,594828,2015,28,139,0.246,0.463,0.748,0.264,0.244,0.415,0.285,88.9,7.1,0.9,526500.00
Gennett, Scooter,571697,2016,26,131,0.263,0.412,0.729,0.315,0.228,0.337,0.286,86.9,3.9,0.5,518100.00
Gennett, Scooter,571697,2018,28,181,0.31,0.49,0.847,0.358,0.257,0.403,0.311,87.3,5.8,3,5700000.00
Giavotella, Johnny,543213,2015,27,123,0.272,0.375,0.693,0.301,0.259,0.337,0.31,85.8,1,1.2,516250.00
Gimenez, Andres,665926,2022,23,146,0.297,0.466,0.837,0.353,0.257,0.4,0.336,87.8,6.2,7.4,15214286.00
Goldschmidt, Paul,502671,2019,31,155,0.26,0.476,0.822,0.302,0.257,0.509,0.345,90.1,11.3,2.6,14500000.00
Goldschmidt, Paul,502671,2016,28,172,0.297,0.489,0.9,0.358,0.271,0.458,0.392,91,7.8,5,5875000.00
Goldschmidt, Paul,502671,2018,30,172,0.29,0.533,0.922,0.359,0.271,0.533,0.373,90.8,13.6,5.5,11100000.00
Goldschmidt, Paul,502671,2017,29,166,0.297,0.563,0.967,0.343,0.284,0.56,0.393,91.5,13.3,6.3,8875000.00
Goldschmidt, Paul,502671,2022,34,178,0.317,0.578,0.982,0.368,0.261,0.482,0.357,90.8,11.6,7.8,26000000.00
Goldschmidt, Paul,502671,2015,27,182,0.321,0.57,1.005,0.382,0.279,0.558,0.405,92,12.5,8.3,3100000.00
Goldschmidt,Paul,502671,2021,33,177,0.294,0.514,0.879,0.331,0.293,0.575,0.366,92.6,13.6,6,26000000.00
Gonzalez, Adrian,408236,2016,34,162,0.285,0.435,0.784,0.328,0.271,0.423,0.339,88.2,4.6,1.9,21857000.00
Gonzalez, Adrian,408236,2015,33,157,0.275,0.48,0.83,0.294,0.281,0.5,0.358,88.8,8.4,4.6,21857000.00
Gonzalez, Carlos,471865,2017,31,123,0.262,0.423,0.762,0.318,0.235,0.367,0.318,87.5,5.9,-0.2,20000000.00
Gonzalez, Carlos,471865,2018,32,128,0.276,0.467,0.796,0.332,0.245,0.386,0.301,89.7,6.2,0.8,5000000.00
Gonzalez, Carlos,471865,2016,30,174,0.298,0.505,0.855,0.346,0.275,0.465,0.33,90.2,8.6,2.3,17000000.00
Gonzalez, Carlos,471865,2015,29,150,0.271,0.54,0.865,0.284,0.257,0.466,0.317,90.3,10.5,2.6,16000000.00
Gonzalez, Marwin,503556,2016,27,123,0.254,0.401,0.694,0.311,0.234,0.39,0.276,89.3,5.4,1.2,2000000.00
Gonzalez, Marwin,503556,2018,29,121,0.247,0.409,0.733,0.301,0.243,0.413,0.322,89.1,6.8,2.4,5125000.00
Gonzalez, Marwin,503556,2017,28,138,0.303,0.53,0.907,0.343,0.247,0.408,0.33,88.7,6.6,3.9,3725000.00
Gordon, Alex,460086,2017,33,99,0.208,0.315,0.608,0.261,0.225,0.358,0.312,86.3,4.5,-0.2,16000000.00
Gordon, Alex,460086,2016,32,98,0.22,0.38,0.692,0.288,0.23,0.423,0.322,87.8,8.7,0.7,12000000.00
Gordon, Alex,460086,2019,35,148,0.266,0.396,0.741,0.301,0.255,0.422,0.338,88.7,5.4,0.9,20000000.00
Gordon, Alex,460086,2018,34,124,0.245,0.37,0.694,0.299,0.253,0.423,0.331,88.5,6.8,2,20000000.00
Gose, Anthony,543238,2015,24,123,0.254,0.367,0.688,0.352,0.224,0.309,0.295,88.2,2.3,0.8,515000.00
Grandal, Yasmani,518735,2019,30,126,0.246,0.468,0.848,0.279,0.241,0.475,0.379,90.7,11.3,2.4,16000000.00
Grandal, Yasmani,518735,2018,29,106,0.241,0.466,0.815,0.278,0.222,0.438,0.335,88.9,11.6,3.6,7900000.00
Granderson, Curtis,434158,2017,36,95,0.212,0.452,0.775,0.228,0.225,0.454,0.337,87.7,10.9,1.5,15000000.00
Granderson, Curtis,434158,2016,35,129,0.237,0.464,0.799,0.254,0.245,0.426,0.343,87.8,6.9,2.8,16000000.00
Granderson, Curtis,434158,2015,34,150,0.259,0.457,0.821,0.305,0.258,0.461,0.365,89.4,8.3,5.1,16000000.00
Gregorius, Didi,544369,2016,26,155,0.276,0.447,0.751,0.29,0.248,0.353,0.278,86.1,2.9,2.3,2425000.00
Gregorius, Didi,544369,2015,25,139,0.265,0.37,0.688,0.297,0.253,0.334,0.311,85.4,1.6,3,553900.00
Gregorius, Didi,544369,2017,27,153,0.287,0.478,0.796,0.287,0.262,0.385,0.298,84.5,3.6,4.5,5100000.00
Gregorius, Didi,544369,2018,28,135,0.268,0.494,0.829,0.259,0.257,0.398,0.327,87,4.7,4.9,8250000.00
Grichuk, Randal,545341,2022,30,131,0.259,0.425,0.724,0.309,0.229,0.37,0.271,90,6.8,0.3,2600000.00
Grichuk, Randal,545341,2019,27,136,0.232,0.457,0.737,0.266,0.236,0.428,0.285,89.3,8.5,0.7,5000000.00
Grichuk,Randal,545341,2021,29,123,0.241,0.423,0.704,0.266,0.234,0.402,0.278,89.8,8.5,0.7,10333333.00
Grisham, Trent,663757,2022,25,83,0.184,0.341,0.625,0.231,0.205,0.358,0.303,88.3,8.1,2.6,729300.00
Grisham,Trent,663757,2021,24,112,0.242,0.413,0.74,0.292,0.241,0.368,0.328,88.8,5.2,3.3,589200.00
Grossman,Robbie,543257,2021,31,133,0.239,0.415,0.772,0.286,0.234,0.399,0.355,87.8,7.6,2.8,5000000.00
Guerrero Jr., Vladimir,665489,2019,20,126,0.272,0.433,0.772,0.308,0.256,0.435,0.326,89.4,7.7,2.1,468488.00
Guerrero Jr., Vladimir,665489,2022,23,175,0.274,0.48,0.819,0.289,0.276,0.459,0.341,92.8,11.2,3.9,7900000.00
Guerrero Jr.,Vladimir,665489,2021,22,188,0.311,0.601,1.002,0.313,0.307,0.59,0.399,95.1,15.1,6.7,578000.00
Gurriel, Yuli,493329,2022,38,132,0.242,0.36,0.648,0.266,0.24,0.319,0.286,88.2,1.9,-0.3,8000000.00
Gurriel, Yuli,493329,2018,34,156,0.291,0.428,0.751,0.306,0.258,0.36,0.296,89.3,1.9,2.7,12400000.00
Gurriel, Yuli,493329,2017,33,158,0.299,0.486,0.818,0.308,0.287,0.435,0.323,89.9,3.4,2.8,14400000.00
Gurriel, Yuli,493329,2019,35,168,0.298,0.541,0.884,0.289,0.28,0.415,0.329,89.3,3.6,3.9,10400000.00
Gurriel,Yuli,493329,2021,37,169,0.319,0.462,0.845,0.336,0.271,0.386,0.347,89.8,3.4,3.7,6500000.00
Gurriel Jr.,Lourdes,666971,2021,27,138,0.276,0.466,0.785,0.305,0.272,0.462,0.319,89.7,9.6,2.6,3928571.00
Hamilton, Billy,571740,2018,27,119,0.236,0.327,0.626,0.309,0.222,0.266,0.29,80.5,0.5,0.7,4600000.00
Hamilton, Billy,571740,2017,26,144,0.247,0.335,0.634,0.313,0.239,0.289,0.293,80.5,0.4,1.3,2625000.00
Haniger, Mitch,571745,2018,27,170,0.285,0.493,0.859,0.336,0.277,0.498,0.362,90.2,10.3,6.5,507500.00
Haniger,Mitch,571745,2021,30,157,0.253,0.485,0.803,0.281,0.262,0.497,0.329,89.3,12.6,3.1,3010000.00
Happ, Ian,664023,2022,27,155,0.271,0.44,0.782,0.336,0.239,0.379,0.315,89.7,6.5,4.4,6850000.00
Happ,Ian,664023,2021,26,105,0.226,0.434,0.757,0.281,0.22,0.396,0.32,89.5,10.9,1.7,4100000.00
Harper, Bryce,547180,2016,23,123,0.243,0.441,0.814,0.264,0.25,0.44,0.386,88.9,7.3,1.5,5000000.00
Harper, Bryce,547180,2018,25,137,0.249,0.496,0.889,0.289,0.263,0.519,0.406,91,11.5,1.8,21625000.00
Harper, Bryce,547180,2019,26,149,0.26,0.51,0.882,0.313,0.273,0.547,0.384,91.9,14.8,4.4,11538462.00
Harper, Bryce,547180,2015,22,172,0.33,0.649,1.109,0.369,0.292,0.544,0.433,91.4,12.9,9.7,2500000.00
Harper,Bryce,547180,2021,28,151,0.309,0.615,1.044,0.359,0.301,0.609,0.423,92.5,18.1,5.9,27538462.00
Harrison, Josh,543281,2016,28,138,0.283,0.388,0.699,0.323,0.238,0.35,0.27,86.5,2.1,2,5250000.00
Harrison, Josh,543281,2017,29,132,0.272,0.432,0.771,0.303,0.252,0.39,0.323,84.9,2.7,3.6,7750000.00
Harrison,Josh,543281,2021,33,141,0.279,0.4,0.741,0.313,0.278,0.42,0.34,87.2,4.4,2.1,1000000.00
Hayes, Ke'Bryan,663647,2022,25,123,0.244,0.345,0.659,0.307,0.25,0.354,0.321,91,3.9,4.3,10000000.00
Hays, Austin,669720,2022,26,134,0.25,0.413,0.719,0.289,0.24,0.372,0.298,87.7,5.2,2.2,713000.00
Hays,Austin,669720,2021,25,125,0.256,0.461,0.769,0.286,0.245,0.432,0.298,88.8,9.1,3.2,578500.00
Headley, Chase,452104,2015,31,150,0.259,0.369,0.693,0.317,0.261,0.399,0.329,86.8,5.1,0.8,13000000.00
Headley, Chase,452104,2017,33,140,0.273,0.406,0.758,0.341,0.25,0.387,0.333,87.2,4.6,2,13000000.00
Headley, Chase,452104,2016,32,118,0.253,0.385,0.716,0.306,0.241,0.377,0.323,87.2,5.9,2.3,13000000.00
Healy, Ryon,592387,2018,26,116,0.235,0.412,0.689,0.257,0.258,0.442,0.3,89.6,7.1,-0.6,507500.00
Healy, Ryon,592387,2017,25,156,0.271,0.451,0.753,0.319,0.253,0.446,0.287,88.3,7.6,0.7,537500.00
Hechavarria, Adeiny,588751,2016,27,120,0.236,0.311,0.594,0.269,0.271,0.358,0.317,88.1,1.1,1,2625000.00
Hernandez, Cesar,514917,2022,32,139,0.248,0.318,0.629,0.309,0.248,0.329,0.312,84.8,2.4,0.8,4000000.00
Hernandez, Cesar,514917,2019,29,171,0.279,0.408,0.741,0.313,0.264,0.375,0.32,86,2.7,1.9,7750000.00
Hernandez, Cesar,514917,2018,28,153,0.253,0.362,0.718,0.315,0.242,0.352,0.35,85.8,4.2,2.1,5100000.00
Hernandez, Cesar,514917,2017,27,150,0.294,0.421,0.794,0.353,0.271,0.396,0.355,85.7,2.9,2.8,2550000.00
Hernandez, Cesar,514917,2016,26,161,0.294,0.393,0.764,0.363,0.268,0.349,0.351,87,1.8,3,525000.00
Hernandez, Teoscar,606192,2018,25,114,0.239,0.468,0.77,0.313,0.235,0.5,0.3,91.9,15.5,0.5,4325000.00
Hernandez, Teoscar,606192,2022,29,133,0.267,0.491,0.807,0.335,0.265,0.501,0.314,92.6,15,2.8,10650000.00
Hernandez,Cesar,514917,2021,31,132,0.232,0.386,0.694,0.266,0.243,0.386,0.319,87.4,6.8,0.5,5000000.00
Hernandez,Enrique,571771,2021,29,127,0.25,0.449,0.786,0.278,0.253,0.454,0.342,90.8,8.4,5,6000000.00
Hernandez,Teoscar,606192,2021,28,163,0.296,0.524,0.87,0.352,0.284,0.536,0.336,91.8,13.9,3.8,4320000.00
Herrera, Odubel,546318,2018,26,140,0.255,0.42,0.73,0.29,0.231,0.357,0.289,86.7,4.9,0.5,3350000.00
Herrera, Odubel,546318,2017,25,148,0.281,0.452,0.777,0.345,0.261,0.408,0.307,87.2,6.2,2.7,1600000.00
Herrera, Odubel,546318,2015,23,147,0.297,0.418,0.762,0.387,0.243,0.353,0.296,88.7,3.2,4.1,507500.00
Herrera, Odubel,546318,2016,24,167,0.286,0.42,0.781,0.349,0.236,0.355,0.318,87.7,4.2,4.6,528000.00
Heyward, Jason,518792,2016,26,122,0.23,0.325,0.631,0.266,0.251,0.349,0.326,86.8,3,1,21666666.00
Heyward, Jason,518792,2019,29,129,0.251,0.429,0.772,0.281,0.255,0.396,0.347,88.8,5.7,2.4,20000000.00
Heyward, Jason,518792,2015,25,160,0.293,0.439,0.798,0.329,0.263,0.374,0.335,89.1,2.8,6.9,7800000.00
Hicks, Aaron,543305,2018,28,119,0.248,0.467,0.833,0.264,0.262,0.465,0.382,89.7,8.8,4.4,2825000.00
Hoerner, Nico,663538,2022,25,135,0.281,0.41,0.737,0.3,0.27,0.367,0.318,87.2,2.6,4.4,720000.00
Holt, Brock,571788,2015,27,127,0.28,0.379,0.728,0.35,0.253,0.331,0.327,86.6,0.6,2.7,530500.00
Hoskins, Rhys,656555,2018,25,137,0.246,0.496,0.85,0.272,0.231,0.454,0.344,89,11.4,1.1,552500.00
Hoskins, Rhys,656555,2019,26,129,0.226,0.454,0.818,0.267,0.215,0.417,0.358,89.7,9.7,2,575000.00
Hoskins, Rhys,656555,2022,29,145,0.246,0.462,0.794,0.292,0.239,0.445,0.327,90.1,11.1,2.9,7700000.00
Hosmer, Eric,543333,2019,29,164,0.265,0.425,0.735,0.323,0.249,0.411,0.297,90.8,7.2,-0.5,21000000.00
Hosmer, Eric,543333,2018,28,155,0.253,0.398,0.72,0.302,0.239,0.374,0.312,88.7,5.9,0.9,21000000.00
Hosmer, Eric,543333,2016,26,161,0.266,0.433,0.761,0.301,0.26,0.442,0.325,92,9.2,1.6,8250000.00
Hosmer, Eric,543333,2015,25,178,0.297,0.459,0.822,0.336,0.289,0.466,0.359,89.8,7.1,4.3,5650000.00
Hosmer, Eric,543333,2017,27,192,0.318,0.498,0.883,0.351,0.286,0.454,0.357,89.8,7,4.3,12250000.00
Hosmer,Eric,543333,2021,31,137,0.269,0.395,0.732,0.313,0.268,0.406,0.337,90.5,5.8,1,21000000.00
Howard, Ryan,429667,2015,35,107,0.229,0.443,0.72,0.272,0.268,0.52,0.315,91.3,11.7,-1.6,25000000.00
Hunter, Torii,116338,2015,39,125,0.24,0.409,0.702,0.258,0.234,0.376,0.289,88.5,5,-0.7,10500000.00
Iglesias, Jose,578428,2019,29,145,0.288,0.407,0.725,0.315,0.264,0.36,0.298,84.1,2.3,1,2500000.00
Iglesias, Jose,578428,2016,26,119,0.255,0.336,0.642,0.276,0.251,0.312,0.305,83.6,0.7,2.5,2100000.00
Iglesias,Jose,578428,2021,31,131,0.271,0.391,0.7,0.305,0.27,0.366,0.308,85.4,3.4,-0.7,583000.00
Inciarte, Ender,542255,2017,26,201,0.304,0.409,0.759,0.339,0.264,0.351,0.315,82.8,0.5,2.7,2700000.00
Inciarte, Ender,542255,2018,27,158,0.265,0.38,0.705,0.293,0.254,0.341,0.318,84.9,1.5,3.2,4700000.00
Inciarte, Ender,542255,2016,25,152,0.291,0.381,0.732,0.329,0.264,0.33,0.327,85.5,0.7,3.8,523000.00
Inciarte, Ender,542255,2015,24,159,0.303,0.408,0.746,0.329,0.258,0.335,0.3,85.5,1.3,5,513000.00
India,Jonathan,663697,2021,24,143,0.269,0.459,0.835,0.326,0.254,0.436,0.364,87.6,9.6,4.1,510600.00
Jackson, Austin,457706,2015,28,131,0.267,0.385,0.696,0.342,0.261,0.38,0.307,89.6,3.8,1.6,7700000.00
Jay, Jon,445055,2018,33,141,0.268,0.347,0.677,0.319,0.251,0.333,0.316,85.1,1.8,0.5,3000000.00
Jimenez, Eloy,650391,2019,22,125,0.267,0.513,0.828,0.308,0.261,0.515,0.311,91.2,12.8,1.5,1833333.00
Jones, Adam,430945,2019,33,126,0.26,0.414,0.727,0.296,0.257,0.432,0.312,86.2,6.7,-0.8,3000000.00
Jones, Adam,430945,2018,32,163,0.281,0.419,0.732,0.311,0.269,0.411,0.303,88.3,4.9,0.6,17333333.00
Jones, Adam,430945,2016,30,164,0.265,0.436,0.746,0.28,0.26,0.46,0.308,88.7,8,1.7,16333333.00
Jones, Adam,430945,2017,31,170,0.285,0.466,0.788,0.312,0.263,0.438,0.302,86.9,6.4,2.6,16333333.00
Jones, Adam,430945,2015,29,147,0.269,0.474,0.782,0.286,0.265,0.478,0.305,88.2,8.9,3.5,13333333.00
Joseph, Tommy,571830,2017,25,119,0.24,0.432,0.721,0.28,0.238,0.401,0.29,89.3,7.3,-1.1,543000.00
Joyce, Matt,459964,2017,32,114,0.243,0.473,0.808,0.263,0.254,0.48,0.349,88.2,8.8,2,5000000.00
Judge, Aaron,592450,2017,25,154,0.284,0.627,1.049,0.357,0.287,0.668,0.427,95,25.7,8,544500.00
Judge, Aaron,592450,2022,30,177,0.311,0.686,1.111,0.34,0.305,0.706,0.422,95.9,26.5,10.6,19000000.00
Judge,Aaron,592450,2021,29,158,0.287,0.544,0.917,0.332,0.308,0.594,0.394,95.8,17.6,6.1,10175000.00
Kemp, Matt,461314,2016,31,167,0.268,0.499,0.803,0.297,0.267,0.522,0.307,88.2,11.1,0.3,21750000.00
Kemp, Matt,461314,2015,30,158,0.265,0.443,0.755,0.311,0.261,0.459,0.312,89.5,8.3,0.5,21250000.00
Kemp, Matt,461314,2018,33,134,0.29,0.481,0.819,0.339,0.273,0.522,0.326,89.6,11,1.2,21750000.00
Kemp, Tony,643393,2022,30,117,0.235,0.334,0.641,0.259,0.219,0.291,0.294,84.4,1.6,1.1,2250000.00
Kendrick III, Howie,435062,2016,32,124,0.255,0.366,0.692,0.301,0.268,0.416,0.342,90.5,5.8,0.6,10000000.00
Kepler, Max,596146,2017,24,124,0.243,0.425,0.737,0.276,0.244,0.375,0.315,88.7,4,1.9,547500.00
Kepler, Max,596146,2018,25,119,0.224,0.408,0.727,0.236,0.233,0.404,0.33,89.5,6.6,3.5,587500.00
Kepler, Max,596146,2019,26,132,0.252,0.519,0.855,0.244,0.259,0.458,0.343,89.7,8.9,4,6000000.00
Kiermaier, Kevin,595281,2015,25,133,0.263,0.42,0.718,0.306,0.268,0.378,0.304,87.6,2.4,7.1,513800.00
Kim, Ha-Seong,673490,2022,26,130,0.251,0.383,0.708,0.29,0.25,0.368,0.324,86.7,4.2,5,6000000.00
Kiner-Falefa, Isiah,643396,2022,27,126,0.261,0.327,0.641,0.296,0.262,0.333,0.317,86.2,1.2,3,4700000.00
Kiner-Falefa,Isiah,643396,2021,26,172,0.271,0.357,0.669,0.304,0.267,0.349,0.309,85.5,1.8,3.6,2000000.00
Kinsler, Ian,435079,2017,35,130,0.236,0.412,0.725,0.244,0.256,0.428,0.331,86.3,4.9,2,11000000.00
Kinsler, Ian,435079,2018,36,117,0.24,0.38,0.681,0.25,0.248,0.368,0.31,85.3,3.1,2.4,11000000.00
Kinsler, Ian,435079,2015,33,185,0.296,0.428,0.77,0.323,0.274,0.383,0.323,86.1,2.7,4.7,16000000.00
Kinsler, Ian,435079,2016,34,178,0.288,0.484,0.832,0.314,0.267,0.417,0.329,87.1,3.8,5.6,14000000.00
Kipnis, Jason,543401,2019,32,112,0.245,0.41,0.714,0.265,0.256,0.419,0.318,88.1,5.5,0.6,14666667.00
Kipnis, Jason,543401,2018,31,122,0.23,0.389,0.704,0.258,0.237,0.394,0.324,86.9,6.6,1.2,13666667.00
Kipnis, Jason,543401,2016,29,168,0.275,0.469,0.812,0.324,0.27,0.453,0.341,89.9,6.7,3.8,6166667.00
Kipnis, Jason,543401,2015,28,171,0.303,0.451,0.823,0.356,0.293,0.429,0.366,89.4,2.8,4,4166666.00
Kirk, Alejandro,672386,2022,23,134,0.285,0.415,0.787,0.299,0.278,0.431,0.367,90.5,6.7,3.9,714000.00
Kwan, Steven,680757,2022,24,168,0.298,0.4,0.773,0.323,0.268,0.341,0.348,85.1,1.4,5.5,700000.00
Lamb, Jake,571875,2017,26,133,0.248,0.487,0.844,0.287,0.253,0.466,0.364,88.3,9.3,2,573300.00
Lamb, Jake,571875,2016,25,130,0.249,0.509,0.841,0.294,0.246,0.469,0.333,91.3,11.5,2.8,520300.00
Lawrie, Brett,543434,2015,25,146,0.26,0.407,0.706,0.32,0.249,0.398,0.29,90,4.7,1.7,1925000.00
LeMahieu, DJ,518934,2015,26,170,0.301,0.388,0.746,0.362,0.276,0.379,0.338,90.5,1.9,1.8,517500.00
LeMahieu, DJ,518934,2018,29,147,0.276,0.428,0.749,0.298,0.276,0.419,0.324,91.3,5.2,2.9,8500000.00
LeMahieu, DJ,518934,2017,28,189,0.31,0.409,0.783,0.351,0.304,0.404,0.37,89.3,1.9,3.4,4800000.00
LeMahieu, DJ,518934,2022,33,122,0.261,0.377,0.734,0.285,0.274,0.403,0.369,89.2,5.3,3.7,15000000.00
LeMahieu, DJ,518934,2016,27,192,0.348,0.495,0.911,0.388,0.337,0.49,0.41,91.8,4.9,5.3,3000000.00
LeMahieu, DJ,518934,2019,30,197,0.327,0.518,0.893,0.349,0.314,0.522,0.364,91.9,7.5,5.6,12000000.00
LeMahieu,DJ,518934,2021,32,160,0.268,0.362,0.711,0.301,0.283,0.397,0.366,90.6,3.7,1.5,15000000.00
Lind, Adam,452252,2015,31,139,0.277,0.46,0.82,0.309,0.244,0.421,0.334,89.5,7.2,3.6,7500000.00
Lindor, Francisco,596019,2019,25,170,0.284,0.518,0.853,0.291,0.273,0.464,0.328,91,7.5,4.8,10850000.00
Lindor, Francisco,596019,2016,22,182,0.301,0.435,0.793,0.324,0.288,0.424,0.352,88.7,4.1,5.1,540300.00
Lindor, Francisco,596019,2022,28,170,0.27,0.449,0.788,0.301,0.254,0.427,0.326,89.3,8.3,5.5,34100000.00
Lindor, Francisco,596019,2017,23,178,0.273,0.505,0.842,0.275,0.28,0.5,0.345,89.1,7.1,5.7,579300.00
Lindor, Francisco,596019,2018,24,183,0.277,0.519,0.871,0.279,0.289,0.512,0.364,90.6,9.3,7.2,623200.00
Lindor,Francisco,596019,2021,27,104,0.23,0.412,0.734,0.248,0.254,0.45,0.345,90.7,8.2,3,22300000.00
Longoria, Evan,446334,2018,32,117,0.244,0.412,0.693,0.274,0.249,0.428,0.289,88.5,7.6,1.4,13666666.00
Longoria, Evan,446334,2019,33,115,0.254,0.437,0.762,0.291,0.269,0.491,0.34,89.7,7.5,2.4,14666667.00
Longoria, Evan,446334,2017,31,160,0.261,0.424,0.737,0.282,0.249,0.411,0.306,86.7,5.2,3.1,13000000.00
Longoria, Evan,446334,2016,30,173,0.273,0.521,0.839,0.298,0.269,0.541,0.319,90.8,12.1,4.4,11500000.00
Longoria, Evan,446334,2015,29,163,0.27,0.435,0.763,0.309,0.26,0.466,0.322,89.6,8.5,4.5,11000000.00
Lopez,Nicky,670032,2021,26,149,0.3,0.378,0.743,0.347,0.239,0.305,0.313,86.8,0.7,4.4,600000.00
Lowe, Nathaniel,663993,2022,26,179,0.302,0.492,0.85,0.363,0.275,0.459,0.333,90.2,9.9,3.3,716000.00
Lowe,Brandon,664040,2021,26,132,0.247,0.523,0.863,0.28,0.249,0.499,0.343,89.3,14,4.5,2500000.00
Lowe,Nathaniel,663993,2021,25,147,0.264,0.415,0.772,0.339,0.236,0.401,0.333,90.8,9.5,2.3,575000.00
Lowrie, Jed,476704,2017,33,157,0.277,0.448,0.808,0.314,0.289,0.481,0.371,89.1,6,3.6,6500000.00
Lowrie, Jed,476704,2018,34,159,0.267,0.448,0.801,0.304,0.246,0.408,0.335,89.2,5.3,4,6000000.00
Lowrie,Jed,476704,2021,37,112,0.245,0.398,0.716,0.289,0.259,0.464,0.332,90.7,9.3,0.1,1500000.00
Lucroy, Jonathan,518960,2016,30,143,0.292,0.5,0.855,0.322,0.274,0.468,0.341,87.6,7.4,3.7,4000000.00
Machado, Manny,592518,2019,26,150,0.256,0.462,0.796,0.274,0.261,0.463,0.34,91.2,8,2.6,12000000.00
Machado, Manny,592518,2017,24,163,0.259,0.471,0.781,0.265,0.279,0.517,0.333,91.3,10.5,3.8,11500000.00
Machado, Manny,592518,2018,25,188,0.297,0.538,0.905,0.304,0.284,0.512,0.357,91.6,11.3,6.1,16000000.00
Machado, Manny,592518,2022,29,172,0.298,0.531,0.897,0.337,0.264,0.447,0.338,91.5,9.8,6.8,32000000.00
Machado, Manny,592518,2016,23,188,0.294,0.533,0.876,0.309,0.289,0.525,0.342,90.3,9.3,7.3,5000000.00
Machado, Manny,592518,2015,22,181,0.286,0.502,0.861,0.297,0.262,0.447,0.339,91.4,7.6,7.5,548000.00
Machado,Manny,592518,2021,28,157,0.278,0.489,0.836,0.29,0.291,0.526,0.363,93.1,13.3,5,32000000.00
Mancini III, Trey,641820,2018,26,141,0.242,0.416,0.715,0.285,0.251,0.434,0.311,89.9,11.8,0.8,556500.00
Mancini III, Trey,641820,2022,30,124,0.239,0.391,0.71,0.286,0.245,0.41,0.328,89.5,9.8,1.4,7500000.00
Mancini III, Trey,641820,2017,25,159,0.293,0.488,0.826,0.352,0.264,0.481,0.314,88.6,10,2.4,536000.00
Mancini III, Trey,641820,2019,27,175,0.291,0.535,0.899,0.326,0.277,0.503,0.353,90.3,10.3,3.7,575500.00
Mancini III,Trey,641820,2021,29,142,0.255,0.432,0.758,0.308,0.266,0.452,0.337,88.9,10.4,1,4750000.00
Margot, Manuel,622534,2018,23,117,0.245,0.384,0.676,0.281,0.251,0.367,0.301,89.4,3.3,1.3,556900.00
Margot, Manuel,622534,2017,22,128,0.263,0.409,0.722,0.309,0.259,0.369,0.313,85.3,2.6,2.4,535600.00
Markakis, Nick,455976,2017,33,163,0.275,0.384,0.738,0.324,0.269,0.382,0.35,88.3,3.3,0.8,11000000.00
Markakis, Nick,455976,2016,32,161,0.269,0.397,0.743,0.3,0.276,0.415,0.358,90.7,4.9,1.6,11000000.00
Markakis, Nick,455976,2015,31,181,0.296,0.376,0.746,0.338,0.263,0.342,0.342,88.3,0.8,2,11000000.00
Markakis, Nick,455976,2018,34,185,0.297,0.44,0.806,0.318,0.293,0.425,0.366,90.6,3.1,2.6,11000000.00
Marte, Ketel,606466,2022,28,118,0.24,0.407,0.728,0.276,0.251,0.377,0.333,90.1,6.1,1.5,8400000.00
Marte, Ketel,606466,2018,24,135,0.26,0.437,0.769,0.282,0.257,0.394,0.33,88.8,5,3.9,1400000.00
Marte, Ketel,606466,2019,25,187,0.329,0.592,0.981,0.342,0.3,0.525,0.364,90,9.3,6.9,2400000.00
Marte, Starling,516782,2019,30,159,0.295,0.503,0.845,0.319,0.297,0.507,0.346,88.6,8,2.9,10333334.00
Marte, Starling,516782,2022,33,136,0.292,0.468,0.815,0.34,0.276,0.428,0.332,86.8,6.8,3.8,15750000.00
Marte, Starling,516782,2018,29,155,0.277,0.46,0.787,0.312,0.266,0.456,0.319,88.4,7.5,4,7833333.00
Marte, Starling,516782,2016,27,152,0.311,0.456,0.818,0.38,0.281,0.435,0.335,87.5,5.4,4.8,3333333.00
Marte, Starling,516782,2015,26,166,0.287,0.444,0.781,0.333,0.276,0.455,0.331,87.8,6.7,5,1333333.00
Marte,Starling,516782,2021,32,145,0.31,0.458,0.841,0.372,0.277,0.438,0.354,87.6,8.4,4.7,12500000.00
Martin, Leonys,547982,2016,28,128,0.247,0.378,0.684,0.313,0.223,0.332,0.288,87.6,5,1.1,4150000.00
Martin, Russell,431145,2016,33,105,0.231,0.398,0.733,0.291,0.224,0.411,0.332,89.2,9.3,2,15000000.00
Martin, Russell,431145,2015,32,106,0.24,0.458,0.787,0.262,0.235,0.415,0.33,89.2,8.2,3.2,7000000.00
Martinez, J.D.,502110,2022,34,146,0.274,0.448,0.789,0.345,0.26,0.471,0.33,89.1,12.5,1.1,19350000.00
Martinez, J.D.,502110,2016,28,141,0.307,0.535,0.908,0.378,0.294,0.571,0.366,91.5,14.2,1.7,6750000.00
Martinez, J.D.,502110,2019,31,175,0.304,0.557,0.94,0.342,0.301,0.567,0.384,91.3,11.8,3.5,23750000.00
Martinez, J.D.,502110,2015,27,168,0.282,0.535,0.879,0.339,0.28,0.593,0.343,91.3,17.3,5.4,3000000.00
Martinez, J.D.,502110,2018,30,188,0.33,0.629,1.031,0.375,0.307,0.619,0.383,93,16,6.7,23750000.00
Martinez, Jose,500874,2018,29,163,0.305,0.457,0.821,0.351,0.301,0.512,0.362,91,9.4,1.8,560400.00
Martinez, Victor,400121,2018,39,117,0.251,0.353,0.65,0.26,0.266,0.406,0.314,87.8,4.7,-1.3,18000000.00
Martinez, Victor,400121,2016,37,160,0.289,0.476,0.827,0.303,0.286,0.506,0.349,90,8.4,1.5,18000000.00
Martinez,J.D.,502110,2021,33,163,0.286,0.518,0.867,0.34,0.288,0.533,0.352,92.1,12.5,3.1,19350000.00
Mateo, Jorge,622761,2022,27,109,0.221,0.379,0.646,0.286,0.222,0.344,0.269,86.8,6,3.4,709500.00
Mauer, Joe,408045,2015,32,157,0.265,0.38,0.718,0.309,0.275,0.426,0.351,89.5,3.7,1.3,23000000.00
Mauer, Joe,408045,2018,35,137,0.282,0.379,0.73,0.33,0.295,0.448,0.365,91.1,5,1.4,23000000.00
Mauer, Joe,408045,2016,33,129,0.261,0.389,0.752,0.301,0.281,0.449,0.381,89.9,6,2.2,23000000.00
Mauer, Joe,408045,2017,34,160,0.305,0.417,0.801,0.349,0.308,0.469,0.387,90.6,4.5,3.9,23000000.00
Maybin, Cameron,457727,2015,28,135,0.267,0.37,0.697,0.316,0.268,0.366,0.329,88.2,2.7,0.6,7000000.00
Mazara, Nomar,608577,2017,22,140,0.253,0.422,0.745,0.293,0.248,0.424,0.319,89,6.5,-0.3,546450.00
Mazara, Nomar,608577,2016,21,137,0.266,0.419,0.739,0.299,0.262,0.428,0.321,88,6.8,0.3,507500.00
Mazara, Nomar,608577,2018,23,126,0.258,0.436,0.753,0.298,0.258,0.442,0.32,90.5,8.5,0.5,563560.00
McCann, Brian,435263,2015,31,108,0.232,0.437,0.757,0.235,0.221,0.381,0.313,89.5,5.3,2.8,17000000.00
McCutchen, Andrew,457705,2016,29,153,0.256,0.43,0.766,0.297,0.259,0.457,0.342,89.6,8.5,-0.3,13000000.00
McCutchen, Andrew,457705,2022,35,122,0.237,0.384,0.7,0.278,0.252,0.406,0.329,89.1,8.6,1.2,8500000.00
McCutchen, Andrew,457705,2018,31,145,0.255,0.424,0.792,0.304,0.26,0.444,0.373,90,8.4,2.5,14750000.00
McCutchen, Andrew,457705,2017,30,159,0.279,0.486,0.849,0.305,0.283,0.481,0.367,88.4,7.7,3,14000000.00
McCutchen, Andrew,457705,2015,28,165,0.292,0.488,0.889,0.339,0.287,0.523,0.402,90.6,9.3,5,10000000.00
McCutchen,Andrew,457705,2021,34,107,0.222,0.444,0.778,0.242,0.24,0.431,0.352,88.8,9,1.4,20000000.00
McMahon, Ryan,641857,2019,24,120,0.25,0.45,0.779,0.323,0.243,0.429,0.324,91.9,9,1.7,560000.00
McMahon, Ryan,641857,2022,27,130,0.246,0.414,0.741,0.311,0.247,0.423,0.329,91.7,10.4,3,5000000.00
McMahon,Ryan,641857,2021,26,134,0.254,0.449,0.78,0.306,0.244,0.426,0.323,90.5,7.3,3.9,2375000.00
McNeil, Jeff,643446,2019,27,162,0.318,0.531,0.915,0.337,0.283,0.465,0.354,89,4.8,5.1,567714.00
McNeil, Jeff,643446,2022,30,174,0.326,0.454,0.836,0.353,0.28,0.389,0.341,86.9,2.7,5.7,3000000.00
Meadows, Austin,640457,2019,24,154,0.291,0.558,0.922,0.331,0.282,0.545,0.356,90.4,12.5,3.9,557400.00
Meadows,Austin,640457,2021,26,121,0.234,0.458,0.773,0.249,0.24,0.425,0.325,89.3,8.7,1.9,529000.00
Melendez Jr., MJ,669004,2022,23,100,0.217,0.393,0.706,0.258,0.237,0.41,0.334,90.7,10.4,0.5,700000.00
Mercer, Jordy,474568,2017,30,128,0.255,0.406,0.732,0.284,0.254,0.374,0.326,85.8,3.1,0.2,4325000.00
Mercer, Jordy,474568,2016,29,133,0.256,0.374,0.702,0.286,0.245,0.349,0.322,86.9,2.2,1.2,2075000.00
Merrifield, Whit,593160,2022,33,126,0.25,0.375,0.673,0.276,0.24,0.356,0.292,87.1,4.2,0,7000000.00
Merrifield, Whit,593160,2017,28,169,0.288,0.46,0.784,0.308,0.275,0.454,0.314,87.6,5.1,3.2,543750.00
Merrifield, Whit,593160,2019,30,206,0.302,0.463,0.811,0.35,0.28,0.431,0.328,87,4.3,3.6,1000000.00
Merrifield, Whit,593160,2018,29,192,0.304,0.438,0.805,0.352,0.281,0.428,0.35,87,4.6,4.5,569500.00
Merrifield,Whit,593160,2021,32,184,0.277,0.395,0.712,0.309,0.263,0.383,0.306,86.9,3.5,3.8,6750000.00
Miller, Brad,543543,2016,26,133,0.243,0.482,0.786,0.277,0.242,0.44,0.305,90.6,9.7,0.9,527600.00
Molina, Yadier,425877,2018,35,120,0.261,0.436,0.75,0.264,0.266,0.432,0.321,88.2,5.5,1.5,20000000.00
Molina, Yadier,425877,2015,32,132,0.27,0.35,0.66,0.295,0.238,0.329,0.283,86.4,2.3,1.6,15000000.00
Molina, Yadier,425877,2017,34,137,0.273,0.439,0.751,0.285,0.272,0.462,0.316,87.9,5.9,1.7,14000000.00
Molina, Yadier,425877,2016,33,164,0.307,0.427,0.787,0.335,0.281,0.417,0.337,87.8,3.6,3,14000000.00
Moncada, Yoan,660162,2018,23,136,0.235,0.4,0.715,0.344,0.211,0.382,0.294,91,9.6,1.4,555000.00
Moncada, Yoan,660162,2019,24,161,0.315,0.548,0.915,0.406,0.282,0.518,0.337,93.1,12.2,5.2,575000.00
Moncada,Yoan,660162,2021,26,137,0.263,0.412,0.787,0.35,0.261,0.426,0.374,90.1,8.2,4,6800000.00
Morales, Kendrys,434778,2017,34,139,0.25,0.445,0.753,0.278,0.27,0.512,0.327,91.1,10,0,10000000.00
Morales, Kendrys,434778,2016,33,147,0.263,0.468,0.795,0.283,0.291,0.555,0.356,92.8,10.8,0.9,9000000.00
Morales, Kendrys,434778,2015,32,165,0.29,0.485,0.847,0.319,0.285,0.504,0.361,91.9,8.9,2.7,6500000.00
Moran, Colin,592567,2019,26,129,0.277,0.429,0.751,0.341,0.26,0.437,0.308,88.2,7.4,-1,579500.00
Moreland, Mitch,519048,2016,30,107,0.233,0.422,0.72,0.266,0.255,0.474,0.319,90.6,9.6,1,5700000.00
Moreland, Mitch,519048,2017,31,125,0.246,0.443,0.769,0.278,0.271,0.532,0.351,89.3,12,1.9,5500000.00
Moreland, Mitch,519048,2015,29,131,0.278,0.482,0.812,0.317,0.277,0.506,0.332,91.4,10.4,2.3,2950000.00
Morrison, Logan,489149,2015,27,103,0.225,0.383,0.685,0.238,0.257,0.436,0.334,89.9,6.9,-0.1,2725000.00
Morrison, Logan,489149,2017,29,126,0.246,0.516,0.869,0.268,0.253,0.511,0.361,88.6,12.8,3,2500000.00
Moss, Brandon,461235,2015,31,106,0.226,0.407,0.711,0.285,0.232,0.464,0.314,89.1,11.7,-0.3,6500000.00
Mountcastle, Ryan,663624,2022,25,139,0.25,0.423,0.728,0.303,0.277,0.509,0.332,91.3,15,1.3,711000.00
Mountcastle,Ryan,663624,2021,24,136,0.255,0.487,0.796,0.297,0.245,0.457,0.303,89.1,11.8,1,596000.00
Moustakas, Mike,519058,2017,28,151,0.272,0.521,0.835,0.263,0.268,0.492,0.314,87.4,8.6,1.6,8700000.00
Moustakas, Mike,519058,2018,29,144,0.251,0.459,0.774,0.259,0.257,0.461,0.321,89.5,8.8,2,5500000.00
Moustakas, Mike,519058,2019,30,133,0.254,0.516,0.845,0.25,0.26,0.503,0.334,89.5,10.3,2.6,7000000.00
Moustakas, Mike,519058,2015,26,156,0.284,0.47,0.818,0.294,0.264,0.436,0.332,89.4,6.4,4.1,2640000.00
Mullins II, Cedric,656775,2022,27,157,0.258,0.403,0.721,0.299,0.232,0.349,0.297,88.8,4.9,3.8,716500.00
Mullins II,Cedric,656775,2021,26,175,0.291,0.518,0.878,0.322,0.272,0.447,0.344,89.4,8.1,5.9,577000.00
Muncy, Max,571970,2022,31,91,0.196,0.384,0.713,0.227,0.208,0.417,0.342,90.3,13.4,2.7,13000000.00
Muncy, Max,571970,2019,28,122,0.251,0.515,0.889,0.283,0.261,0.51,0.384,89.8,12,5.3,575000.00
Muncy,Max,571970,2021,30,124,0.249,0.527,0.895,0.257,0.271,0.58,0.387,91.2,16.1,4.7,9000000.00
Murphy, Daniel,502517,2015,30,140,0.281,0.449,0.771,0.278,0.284,0.455,0.327,89.9,4.7,1.2,8000000.00
Murphy, Daniel,502517,2017,32,172,0.322,0.543,0.927,0.341,0.301,0.492,0.366,89.6,4.8,3.3,12000000.00
Murphy, Daniel,502517,2016,31,184,0.347,0.595,0.985,0.348,0.318,0.564,0.37,90.7,8.5,4.5,8000000.00
Murphy, Sean,669221,2022,27,134,0.25,0.426,0.758,0.29,0.255,0.439,0.34,88.7,10.5,3.5,725000.00
Myers, Wil,571976,2017,26,138,0.243,0.464,0.792,0.297,0.234,0.442,0.323,89.4,9.1,2.1,4500000.00
Myers, Wil,571976,2016,25,155,0.259,0.461,0.797,0.305,0.252,0.433,0.333,88.6,7,3.5,523900.00
Napoli, Mike,435063,2016,34,133,0.239,0.465,0.8,0.296,0.22,0.471,0.321,89.6,13.3,1,7000000.00
Newman, Kevin,621028,2019,25,152,0.308,0.446,0.799,0.333,0.273,0.374,0.322,85.3,2.1,3,557500.00
Newman,Kevin,621028,2021,27,117,0.226,0.309,0.574,0.236,0.255,0.33,0.293,85.3,1.6,0.4,599000.00
Nimmo, Brandon,607043,2018,25,114,0.263,0.483,0.887,0.351,0.241,0.398,0.386,89.9,6.5,4.6,555968.00
Nimmo, Brandon,607043,2022,29,159,0.274,0.433,0.8,0.317,0.261,0.409,0.357,89.4,7,5.1,7000000.00
Norris, Derek,519083,2015,26,129,0.25,0.404,0.709,0.31,0.22,0.325,0.278,87.1,2.3,2.5,545000.00
Nunez, Eduardo,456488,2018,31,127,0.265,0.388,0.677,0.29,0.258,0.349,0.286,88.3,3.4,-0.9,4000000.00
Nunez, Eduardo,456488,2016,29,159,0.288,0.432,0.757,0.314,0.255,0.39,0.299,89.6,4.4,1.7,1475000.00
Nunez, Renato,600524,2019,25,132,0.244,0.46,0.771,0.272,0.252,0.471,0.319,89.9,10.7,0.4,562000.00
O'Neill,Tyler,641933,2021,26,138,0.286,0.56,0.912,0.366,0.279,0.582,0.347,93,17.9,6.1,594700.00
Odor, Rougned,596059,2017,23,124,0.204,0.397,0.649,0.224,0.23,0.404,0.277,89.1,6,-0.5,1333334.00
Odor, Rougned,596059,2019,25,107,0.205,0.439,0.722,0.244,0.221,0.464,0.299,91.1,13.6,-0.3,7833333.00
Odor, Rougned,596059,2018,24,120,0.253,0.424,0.75,0.305,0.241,0.411,0.318,90.7,7.1,2.5,3333334.00
Odor, Rougned,596059,2016,22,164,0.271,0.502,0.798,0.297,0.253,0.462,0.282,89.6,7.8,2.7,522700.00
Ohtani, Shohei,660271,2022,27,160,0.273,0.519,0.875,0.32,0.275,0.549,0.358,92.9,16.8,3.4,5500000.00
Ohtani,Shohei,660271,2021,26,138,0.257,0.592,0.964,0.303,0.266,0.612,0.382,93.6,22.3,4.9,3000000.00
Olson, Matt,621566,2022,28,148,0.24,0.477,0.802,0.274,0.248,0.467,0.334,92.9,13.6,3.4,15000000.00
Olson, Matt,621566,2018,24,143,0.247,0.453,0.788,0.292,0.25,0.494,0.338,93.3,12.2,3.7,547500.00
Olson, Matt,621566,2019,25,129,0.267,0.545,0.896,0.3,0.278,0.578,0.362,92.7,14.5,4.9,575000.00
Olson,Matt,621566,2021,27,153,0.271,0.54,0.911,0.269,0.264,0.507,0.374,91.6,12.7,5.8,5000000.00
Ortiz, David,120074,2015,39,144,0.273,0.553,0.913,0.264,0.301,0.616,0.388,93,13.1,3.1,16000000.00
Ortiz, David,120074,2016,40,169,0.315,0.62,1.021,0.312,0.312,0.641,0.403,93.2,15.5,5.2,16000000.00
Owings, Chris,572008,2015,23,117,0.227,0.322,0.586,0.305,0.227,0.325,0.266,86.9,2.6,-0.2,512500.00
Ozuna, Marcell,542303,2022,31,106,0.226,0.413,0.687,0.252,0.256,0.478,0.303,89.4,13.1,-0.8,16000000.00
Ozuna, Marcell,542303,2016,25,148,0.266,0.452,0.773,0.296,0.276,0.469,0.331,90.8,7.8,2.1,570000.00
Ozuna, Marcell,542303,2019,28,117,0.241,0.472,0.8,0.257,0.284,0.532,0.367,91.8,12.1,2.3,12250000.00
Ozuna, Marcell,542303,2018,27,163,0.28,0.433,0.758,0.309,0.285,0.498,0.332,91.5,9.7,2.4,9000000.00
Ozuna, Marcell,542303,2017,26,191,0.312,0.548,0.924,0.355,0.284,0.52,0.351,90.9,9.3,5.6,3500000.00
Pagan, Angel,434636,2015,33,134,0.262,0.332,0.635,0.31,0.252,0.331,0.296,86.3,0.7,-1.8,10250000.00
Pagan, Angel,434636,2016,34,137,0.277,0.418,0.749,0.298,0.285,0.39,0.341,85.7,3,1.8,11250000.00
Panik, Joe,605412,2016,25,111,0.239,0.379,0.694,0.245,0.259,0.399,0.339,86.3,4.5,1.2,545000.00
Panik, Joe,605412,2017,26,147,0.288,0.421,0.768,0.301,0.256,0.374,0.324,85,2.6,1.5,600000.00
Parra, Gerardo,467827,2015,28,159,0.291,0.452,0.78,0.325,0.259,0.389,0.301,88.2,3.2,1.2,6237500.00
Pederson, Joc,592626,2015,23,101,0.21,0.417,0.763,0.262,0.215,0.431,0.354,91.2,11.8,2.6,510000.00
Pederson, Joc,592626,2019,27,112,0.249,0.538,0.877,0.249,0.249,0.479,0.339,91.2,10.3,2.8,5000000.00
Pedroia, Dustin,456030,2016,32,201,0.318,0.449,0.825,0.339,0.285,0.403,0.348,88.6,2.5,5.4,13000000.00
Pena, Jeremy,665161,2022,24,132,0.253,0.426,0.715,0.298,0.248,0.397,0.285,88.1,9.7,4.9,700000.00
Pence, Hunter,452254,2017,34,128,0.26,0.385,0.7,0.301,0.255,0.425,0.313,89,5.8,0.1,18500000.00
Peralta, David,444482,2017,29,154,0.293,0.444,0.796,0.333,0.262,0.399,0.324,88,4.1,2.4,572200.00
Peralta, David,444482,2018,30,164,0.293,0.516,0.868,0.328,0.278,0.472,0.34,91.5,7.8,3.4,3300000.00
Peralta, David,444482,2015,27,144,0.312,0.522,0.893,0.368,0.281,0.457,0.35,91.6,8,3.6,1024000.00
Peralta, Jhonny,425509,2015,33,159,0.275,0.411,0.745,0.311,0.273,0.426,0.336,88.2,4.4,1.2,15000000.00
Peralta,David,444482,2021,33,126,0.259,0.402,0.727,0.303,0.243,0.345,0.313,89.3,5,1.1,7500000.00
Peraza, Jose,606299,2017,23,126,0.259,0.324,0.621,0.293,0.282,0.365,0.32,82.8,1.7,-0.6,540000.00
Peraza, Jose,606299,2018,24,182,0.288,0.416,0.742,0.307,0.273,0.383,0.314,85.8,2.5,2.2,570000.00
Perez, Salvador,521692,2018,28,120,0.235,0.439,0.713,0.245,0.259,0.481,0.299,91.3,10.8,2.3,8700000.00
Perez, Salvador,521692,2015,25,138,0.26,0.426,0.706,0.27,0.265,0.414,0.287,87.3,5.3,2.4,1750000.00
Perez, Salvador,521692,2016,26,127,0.247,0.438,0.726,0.28,0.237,0.397,0.278,88.8,6.3,2.9,2000000.00
Perez,Salvador,521692,2021,31,169,0.273,0.544,0.86,0.298,0.276,0.566,0.321,93,16.3,5.5,14200000.00
Peterson, Jace,607054,2015,25,126,0.239,0.335,0.649,0.296,0.241,0.353,0.318,87.1,3.3,1,507500.00
Pham, Tommy,502054,2022,34,131,0.236,0.374,0.686,0.304,0.238,0.383,0.315,92.2,7.9,0.4,6000000.00
Pham, Tommy,502054,2018,30,136,0.275,0.464,0.831,0.342,0.283,0.498,0.373,93,10.1,3.4,570100.00
Pham, Tommy,502054,2019,31,155,0.273,0.45,0.819,0.316,0.27,0.455,0.366,90.9,7.9,3.9,4100000.00
Pham, Tommy,502054,2017,29,136,0.306,0.52,0.931,0.368,0.278,0.481,0.388,89.6,9.3,6.2,535000.00
Pham,Tommy,502054,2021,33,109,0.229,0.383,0.723,0.28,0.253,0.438,0.362,90.8,10,1.4,8900000.00
Phillips, Brandon,408252,2016,35,160,0.291,0.416,0.736,0.312,0.262,0.373,0.295,86.4,2.7,0.1,13000000.00
Phillips, Brandon,408252,2017,36,163,0.285,0.416,0.735,0.308,0.272,0.38,0.308,84.6,2.4,0.9,14500000.00
Phillips, Brandon,408252,2015,34,173,0.294,0.395,0.723,0.315,0.29,0.39,0.325,86.2,2.3,2.2,12000000.00
Pillar, Kevin,607680,2019,30,158,0.259,0.432,0.719,0.27,0.262,0.411,0.293,86.4,4.9,0.4,5800000.00
Pillar, Kevin,607680,2018,29,129,0.252,0.426,0.708,0.281,0.28,0.432,0.31,87.3,5.7,2.3,3250000.00
Pillar, Kevin,607680,2017,28,150,0.256,0.404,0.704,0.28,0.27,0.401,0.315,86,3.4,3,555000.00
Pillar, Kevin,607680,2016,27,146,0.266,0.376,0.679,0.306,0.258,0.361,0.297,87.1,3,3.6,521100.00
Pillar, Kevin,607680,2015,26,163,0.278,0.399,0.713,0.306,0.259,0.354,0.299,85.8,1.8,5.2,512000.00
Piscotty, Stephen,572039,2016,25,159,0.273,0.457,0.8,0.319,0.263,0.461,0.334,88.3,8.6,2.8,512500.00
Piscotty, Stephen,572039,2018,27,146,0.267,0.491,0.822,0.29,0.268,0.492,0.332,88.5,9.6,2.9,1333333.00
Plouffe, Trevor,461858,2015,29,140,0.244,0.435,0.742,0.274,0.251,0.441,0.315,89.8,7.9,2.9,4800000.00
Polanco, Gregory,570256,2016,24,136,0.258,0.463,0.786,0.291,0.273,0.441,0.34,89.9,6,1.6,535000.00
Polanco, Gregory,570256,2018,26,117,0.254,0.499,0.839,0.287,0.244,0.445,0.335,88.9,9.4,2.2,4100000.00
Polanco, Gregory,570256,2015,23,152,0.256,0.381,0.701,0.308,0.257,0.386,0.322,89.9,4.4,2.5,525000.00
Polanco, Jorge,593871,2017,23,125,0.256,0.41,0.723,0.278,0.24,0.362,0.302,85,2.6,1.4,540000.00
Polanco, Jorge,593871,2019,25,186,0.295,0.485,0.841,0.328,0.271,0.464,0.338,88,6.7,4.7,3583333.00
Polanco,Jorge,593871,2021,27,158,0.269,0.503,0.826,0.282,0.267,0.488,0.323,89.4,10.1,4.9,4333333.00
Pollock, AJ,572041,2022,34,120,0.245,0.389,0.681,0.278,0.258,0.419,0.305,88.8,9.4,0.4,10000000.00
Pollock, AJ,572041,2015,27,192,0.315,0.498,0.865,0.338,0.292,0.442,0.348,88.9,5.7,6.9,519500.00
Posey III, Buster,457763,2017,30,158,0.32,0.462,0.862,0.347,0.277,0.443,0.365,88.7,3.5,4,21400000.00
Posey III, Buster,457763,2016,29,155,0.288,0.434,0.796,0.303,0.288,0.48,0.366,90.5,6.9,4.9,20000000.00
Posey III, Buster,457763,2015,28,177,0.318,0.47,0.849,0.32,0.31,0.499,0.377,89,6.1,5.9,16500000.00
Prado, Martin,445988,2015,31,144,0.288,0.394,0.732,0.313,0.274,0.373,0.33,89,2.3,3.4,11000000.00
Prado, Martin,445988,2016,32,183,0.305,0.417,0.776,0.331,0.284,0.37,0.341,87.9,1.3,3.8,11000000.00
Profar, Jurickson,595777,2019,26,100,0.218,0.41,0.711,0.218,0.25,0.431,0.332,86.7,6.5,-0.1,3600000.00
Profar, Jurickson,595777,2018,25,133,0.254,0.458,0.793,0.269,0.251,0.394,0.333,87.3,5,1.7,1050000.00
Profar, Jurickson,595777,2022,29,140,0.243,0.391,0.722,0.272,0.251,0.359,0.34,87.5,4,3.1,8000000.00
Puig, Yasiel,624577,2019,28,148,0.267,0.458,0.785,0.308,0.256,0.451,0.319,90,9.2,0.9,9700000.00
Puig, Yasiel,624577,2017,26,131,0.263,0.487,0.833,0.274,0.269,0.492,0.354,88.5,9.4,3.4,8214000.00
Pujols, Albert,405395,2017,37,143,0.241,0.386,0.672,0.249,0.262,0.444,0.305,88.7,5.4,-1.8,26000000.00
Pujols, Albert,405395,2019,39,120,0.244,0.43,0.735,0.238,0.251,0.428,0.314,88.3,5.8,0.3,28000000.00
Pujols, Albert,405395,2016,36,159,0.268,0.457,0.78,0.26,0.285,0.523,0.343,91.6,9.2,1.5,25000000.00
Pujols, Albert,405395,2015,35,147,0.244,0.48,0.787,0.217,0.268,0.481,0.329,90.7,7.7,3,24000000.00
Ramirez, Alexei,493351,2016,34,115,0.241,0.333,0.61,0.265,0.243,0.304,0.28,84.5,0.5,-1.7,3000000.00
Ramirez, Alexei,493351,2015,33,145,0.249,0.357,0.642,0.264,0.244,0.314,0.285,84.7,1,1.1,10000000.00
Ramirez, Aramis,133380,2015,37,117,0.246,0.423,0.72,0.253,0.24,0.405,0.293,87.4,5.6,-0.3,14000000.00
Ramirez, Hanley,434670,2017,33,120,0.242,0.429,0.749,0.272,0.264,0.482,0.34,88.5,9.5,-0.3,22750000.00
Ramirez, Hanley,434670,2016,32,157,0.286,0.505,0.866,0.315,0.262,0.472,0.342,90.6,10.4,2.6,22750000.00
Ramirez, Jose,608070,2019,26,123,0.255,0.479,0.806,0.256,0.267,0.461,0.341,89.2,6.3,3.1,4150000.00
Ramirez, Jose,608070,2016,23,176,0.312,0.462,0.825,0.333,0.29,0.416,0.345,88.4,3,4.8,518200.00
Ramirez, Jose,608070,2022,29,168,0.28,0.514,0.869,0.279,0.255,0.408,0.337,87.7,6.6,6,22000000.00
Ramirez, Jose,608070,2017,24,186,0.318,0.583,0.957,0.319,0.302,0.487,0.36,88.2,5,7,971400.00
Ramirez, Jose,608070,2018,25,156,0.27,0.552,0.939,0.252,0.261,0.471,0.382,89,8.3,7.5,2828600.00
Ramirez,Jose,608070,2021,28,147,0.266,0.538,0.893,0.256,0.283,0.508,0.373,90,11.1,6.8,9400000.00
Ramos, Wilson,467092,2015,27,109,0.229,0.358,0.616,0.256,0.25,0.41,0.28,90.5,6.3,1,3550000.00
Ramos, Wilson,467092,2019,31,136,0.288,0.416,0.767,0.31,0.262,0.398,0.328,90,4.7,2.1,7250000.00
Ramos, Wilson,467092,2016,28,148,0.307,0.496,0.85,0.327,0.28,0.483,0.332,90.8,7.4,3,5350000.00
Realmuto, J.T.,592663,2016,25,154,0.303,0.428,0.771,0.357,0.266,0.387,0.311,88.6,3.9,2.6,532500.00
Realmuto, J.T.,592663,2017,26,148,0.278,0.451,0.783,0.318,0.279,0.444,0.335,88.2,6.3,4.4,562500.00
Realmuto, J.T.,592663,2018,27,132,0.277,0.484,0.824,0.312,0.271,0.472,0.337,88.9,9,4.5,2900000.00
Realmuto, J.T.,592663,2019,28,148,0.275,0.493,0.821,0.309,0.273,0.469,0.332,90.3,8.7,4.5,5900000.00
Realmuto, J.T.,592663,2022,31,139,0.276,0.478,0.82,0.318,0.275,0.463,0.342,90.3,11.3,6.5,23875000.00
Realmuto,J.T.,592663,2021,30,125,0.263,0.439,0.782,0.325,0.253,0.416,0.335,89.6,8.6,3.5,20000000.00
Reddick, Josh,502210,2019,32,138,0.275,0.409,0.728,0.288,0.275,0.398,0.324,86.1,3.4,1.3,13000000.00
Reddick, Josh,502210,2015,28,143,0.272,0.449,0.782,0.278,0.266,0.417,0.329,88.4,5,3.6,4100000.00
Reddick, Josh,502210,2017,30,150,0.314,0.484,0.847,0.339,0.291,0.44,0.347,87.7,3.8,4.5,13000000.00
Rendon, Anthony,543685,2016,26,153,0.27,0.45,0.798,0.304,0.267,0.454,0.351,91.1,5.9,4.5,2800000.00
Rendon, Anthony,543685,2018,28,163,0.308,0.535,0.909,0.323,0.302,0.538,0.369,90.7,10.3,5.1,12300000.00
Rendon, Anthony,543685,2017,27,153,0.301,0.533,0.936,0.314,0.275,0.478,0.384,89.8,6.5,6.1,5800000.00
Rendon, Anthony,543685,2019,29,174,0.319,0.598,1.01,0.323,0.31,0.59,0.407,90.4,12,7.1,18800000.00
Renfroe, Hunter,592669,2022,30,121,0.255,0.492,0.807,0.281,0.24,0.438,0.303,90.5,10.9,2.7,7650000.00
Renfroe,Hunter,592669,2021,29,135,0.259,0.501,0.816,0.284,0.26,0.506,0.32,90.1,14.4,2.4,3100000.00
Rengifo, Luis,650859,2022,25,129,0.264,0.429,0.723,0.285,0.254,0.392,0.285,86.9,5.4,2.4,576900.00
Revere, Ben,519184,2015,27,181,0.306,0.377,0.719,0.338,0.283,0.345,0.322,83.1,0,3,4100000.00
Reyes, Franmil,614177,2019,23,123,0.249,0.512,0.822,0.279,0.259,0.535,0.323,93.3,14.8,0.3,570500.00
Reyes, Jose,408314,2017,34,123,0.246,0.413,0.728,0.263,0.242,0.351,0.313,84.3,2.6,0.1,22000000.00
Reyes, Jose,408314,2015,32,132,0.274,0.378,0.688,0.301,0.245,0.303,0.286,84.6,0.2,0.4,22000000.00
Reynolds, Bryan,668804,2022,27,142,0.262,0.461,0.806,0.306,0.249,0.416,0.334,90.2,7.9,2.9,6750000.00
Reynolds, Bryan,668804,2019,24,154,0.314,0.503,0.88,0.387,0.293,0.474,0.361,89.5,6.7,4.2,6750000.00
Reynolds, Mark,448602,2017,33,139,0.267,0.487,0.839,0.343,0.224,0.421,0.315,87.2,8.3,0.6,1500000.00
Reynolds,Bryan,668804,2021,26,169,0.302,0.522,0.912,0.345,0.294,0.523,0.384,89.4,10.4,5.9,600000.00
Riley, Austin,663586,2022,25,168,0.273,0.528,0.877,0.315,0.271,0.531,0.348,92.5,15.7,6.5,3950000.00
Riley,Austin,663586,2021,24,179,0.303,0.531,0.898,0.368,0.281,0.511,0.348,90.1,13.3,6.3,560000.00
Rizzo, Anthony,519203,2022,32,104,0.224,0.48,0.818,0.216,0.239,0.454,0.35,89.4,10.9,2.3,16000000.00
Rizzo, Anthony,519203,2018,28,160,0.283,0.47,0.846,0.287,0.291,0.47,0.386,90.1,6.5,3.1,7285714.00
Rizzo, Anthony,519203,2019,29,150,0.293,0.52,0.925,0.306,0.297,0.487,0.411,89,6.8,4.3,12285715.00
Rizzo, Anthony,519203,2017,27,156,0.273,0.507,0.899,0.273,0.285,0.522,0.405,88.4,9.3,4.5,7000000.00
Rizzo, Anthony,519203,2016,26,170,0.292,0.544,0.929,0.309,0.264,0.486,0.363,89.1,9.2,5.8,5000000.00
Rizzo, Anthony,519203,2015,25,163,0.278,0.512,0.899,0.289,0.275,0.496,0.386,88.7,8,6.4,5000000.00
Rizzo,Anthony,519203,2021,31,123,0.248,0.44,0.784,0.258,0.261,0.434,0.356,90.1,7.7,1.7,16500000.00
Robles, Victor,645302,2019,22,139,0.255,0.419,0.745,0.31,0.231,0.368,0.305,83.3,4.8,4.4,557800.00
Rodgers, Brendan,663898,2022,25,140,0.266,0.408,0.733,0.304,0.265,0.404,0.33,90,7.2,4.3,710000.00
Rodriguez, Alex,121347,2015,39,131,0.25,0.486,0.842,0.278,0.247,0.495,0.356,91.4,10.9,3,22000000.00
Rodriguez, Julio,677594,2022,21,145,0.284,0.509,0.854,0.345,0.254,0.46,0.319,92,13.1,6.2,700000.00
Rojas, Josh,668942,2022,28,119,0.269,0.391,0.74,0.323,0.239,0.361,0.324,88.8,4.5,3.2,2575000.00
Rojas, Miguel,500743,2019,30,137,0.284,0.379,0.71,0.314,0.271,0.37,0.322,87.4,2.6,0.9,3155000.00
Rojas, Miguel,500743,2018,29,123,0.252,0.346,0.643,0.271,0.264,0.351,0.309,84.7,0.9,1.1,1180000.00
Rojas, Miguel,500743,2022,33,111,0.236,0.323,0.606,0.258,0.264,0.347,0.31,86.1,1.9,2.5,5000000.00
Rojas,Josh,668942,2021,27,128,0.264,0.411,0.752,0.345,0.232,0.352,0.313,88.2,4.8,0.8,520000.00
Rojas,Miguel,500743,2021,32,131,0.265,0.392,0.714,0.295,0.249,0.345,0.308,86.2,2.8,2.6,5000000.00
Rollins, Jimmy,276519,2015,36,116,0.224,0.358,0.643,0.246,0.233,0.339,0.296,85.8,2.5,0.4,11000000.00
Rosario, Amed,642708,2018,22,142,0.256,0.381,0.676,0.31,0.255,0.367,0.295,87.8,3.9,1.1,548940.00
Rosario, Amed,642708,2019,23,177,0.287,0.432,0.755,0.338,0.283,0.416,0.32,89.4,4.2,3,575000.00
Rosario, Amed,642708,2022,26,180,0.283,0.403,0.715,0.326,0.276,0.396,0.308,88.4,4.5,4.2,4950000.00
Rosario, Eddie,592696,2019,27,155,0.276,0.5,0.8,0.273,0.26,0.494,0.289,89.2,8.5,1.5,4190000.00
Rosario, Eddie,592696,2017,25,157,0.29,0.507,0.835,0.312,0.264,0.478,0.306,87.2,7.4,1.6,552500.00
Rosario, Eddie,592696,2018,26,161,0.288,0.479,0.802,0.316,0.242,0.424,0.281,87.7,8.3,4.3,602500.00
Rosario,Amed,642708,2021,25,155,0.282,0.409,0.73,0.34,0.267,0.368,0.31,88.8,2.8,2,2400000.00
Russell, Addison,608365,2015,21,115,0.242,0.389,0.696,0.324,0.204,0.331,0.273,86.7,5.2,2.7,460355.00
Russell, Addison,608365,2016,22,125,0.238,0.417,0.738,0.277,0.232,0.412,0.317,87.6,9.3,3.7,527000.00
Sanchez, Gary,596142,2017,24,131,0.278,0.531,0.876,0.304,0.288,0.552,0.356,90.8,11.8,4,557900.00
Sanchez, Yolmer,570560,2019,27,125,0.252,0.321,0.639,0.324,0.23,0.315,0.299,87.1,1,1.4,4625000.00
Sanchez, Yolmer,570560,2018,26,145,0.242,0.372,0.678,0.3,0.235,0.344,0.301,86.7,3,2.5,2350000.00
Sanchez, Yolmer,570560,2017,25,129,0.267,0.413,0.732,0.321,0.241,0.356,0.297,84.8,3.4,3.4,546000.00
Sandoval, Pablo,467055,2015,28,115,0.245,0.366,0.658,0.27,0.227,0.352,0.276,88.1,4.8,-0.5,17600000.00
Sano,Miguel,593934,2021,28,105,0.223,0.466,0.778,0.291,0.216,0.439,0.306,93.4,17.7,1,11000000.00
Santana, Carlos,467793,2015,29,127,0.231,0.395,0.752,0.261,0.241,0.408,0.369,89.2,7.2,0.4,6000000.00
Santana, Carlos,467793,2022,36,87,0.202,0.376,0.692,0.209,0.253,0.438,0.361,90.7,9.3,1.1,10500000.00
Santana, Carlos,467793,2018,32,128,0.229,0.414,0.766,0.231,0.245,0.418,0.368,88.9,6.9,2,18333333.00
Santana, Carlos,467793,2017,31,148,0.259,0.455,0.818,0.274,0.266,0.463,0.371,88.6,7.5,3.3,12000000.00
Santana, Carlos,467793,2016,30,151,0.259,0.498,0.864,0.258,0.275,0.515,0.382,90.8,9.8,3.5,8250000.00
Santana, Carlos,467793,2019,33,161,0.281,0.515,0.912,0.293,0.266,0.48,0.384,91.8,9.6,4.5,20333333.00
Santana, Danny,542454,2019,28,134,0.283,0.534,0.858,0.353,0.277,0.504,0.32,91.4,9.5,2,537500.00
Santana, Domingo,570267,2019,26,114,0.253,0.441,0.77,0.347,0.25,0.478,0.329,89,12.1,0.5,1950000.00
Santana, Domingo,570267,2017,24,146,0.278,0.505,0.876,0.362,0.266,0.461,0.361,89.2,9.4,2.6,542200.00
Santana,Carlos,467793,2021,35,121,0.214,0.342,0.661,0.227,0.244,0.421,0.345,89.9,6.8,-0.1,7000000.00
Santander, Anthony,623993,2022,27,138,0.24,0.455,0.773,0.248,0.257,0.471,0.335,90.1,11.6,2.1,3150000.00
Saunders, Michael,459431,2016,29,124,0.253,0.478,0.816,0.321,0.234,0.404,0.323,90,7.7,1.5,2900000.00
Schebler, Scott,594988,2017,26,110,0.233,0.484,0.791,0.248,0.256,0.493,0.33,89.1,10.2,1.2,540000.00
Schoop, Jonathan,570731,2022,30,97,0.202,0.322,0.561,0.234,0.228,0.338,0.267,87,4.8,0.1,7500000.00
Schoop, Jonathan,570731,2016,24,164,0.267,0.454,0.752,0.305,0.251,0.409,0.285,87.4,6.9,3.4,522500.00
Schoop, Jonathan,570731,2017,25,182,0.293,0.503,0.841,0.33,0.271,0.441,0.32,87.8,7,6.5,3475000.00
Schoop,Jonathan,570731,2021,29,173,0.278,0.435,0.755,0.317,0.258,0.404,0.305,88.1,6.8,1.9,4500000.00
Schwarber, Kyle,656941,2018,25,102,0.238,0.467,0.823,0.288,0.245,0.472,0.362,90.9,12.7,2.1,604500.00
Schwarber, Kyle,656941,2022,29,126,0.218,0.504,0.827,0.24,0.237,0.535,0.341,93.3,20.1,2.2,19000000.00
Schwarber, Kyle,656941,2019,26,132,0.25,0.531,0.87,0.276,0.264,0.555,0.354,93.5,14.5,2.3,3390000.00
Seager, Corey,608369,2019,25,133,0.272,0.483,0.818,0.303,0.257,0.459,0.322,88.8,7.3,2.9,4000000.00
Seager, Corey,608369,2022,28,145,0.245,0.455,0.772,0.242,0.283,0.51,0.354,91.1,10.5,3.9,33000000.00
Seager, Corey,608369,2016,22,193,0.308,0.512,0.877,0.355,0.304,0.521,0.364,91.1,8.3,5.2,510000.00
Seager, Corey,608369,2017,23,159,0.295,0.479,0.854,0.352,0.3,0.522,0.381,89.7,8.5,5.3,575000.00
Seager, Kyle,572122,2018,30,129,0.221,0.4,0.673,0.251,0.246,0.411,0.297,89.8,5.6,1.1,19000000.00
Seager, Kyle,572122,2017,29,144,0.249,0.45,0.773,0.262,0.258,0.477,0.333,88.3,8.6,3.6,11000000.00
Seager, Kyle,572122,2015,27,166,0.266,0.451,0.779,0.278,0.282,0.467,0.345,89.3,7,5.4,4500000.00
Seager, Kyle,572122,2016,28,166,0.278,0.499,0.858,0.295,0.293,0.512,0.374,90.3,9,6.7,8000000.00
Seager,Kyle,572122,2021,33,128,0.212,0.438,0.723,0.226,0.221,0.452,0.294,89,12.3,2,18500000.00
Segura, Jean,516416,2015,25,144,0.257,0.336,0.617,0.298,0.238,0.318,0.262,86.9,1.3,0.6,534000.00
Segura, Jean,516416,2019,29,161,0.28,0.42,0.743,0.302,0.27,0.401,0.314,88.2,3.2,1.7,14850000.00
Segura, Jean,516416,2017,27,157,0.3,0.427,0.776,0.339,0.272,0.402,0.325,87.6,3.2,3.7,6200000.00
Segura, Jean,516416,2018,28,178,0.304,0.415,0.756,0.327,0.273,0.393,0.313,87.7,3.6,3.7,9600000.00
Segura, Jean,516416,2016,26,203,0.319,0.499,0.867,0.353,0.274,0.459,0.329,89,5.9,6.4,2600000.00
Segura,Jean,516416,2021,31,149,0.29,0.436,0.784,0.317,0.266,0.396,0.328,87.2,5.9,3.7,14850000.00
Semien, Marcus,543760,2015,24,143,0.257,0.405,0.715,0.312,0.24,0.38,0.295,87.1,4.5,1.7,510000.00
Semien, Marcus,543760,2016,25,135,0.238,0.435,0.735,0.268,0.225,0.411,0.289,88,6.7,3.5,512500.00
Semien, Marcus,543760,2018,27,161,0.255,0.388,0.706,0.296,0.245,0.38,0.311,86.8,4.5,4.4,3125000.00
Semien, Marcus,543760,2022,31,163,0.248,0.429,0.733,0.263,0.243,0.394,0.301,87.3,6.8,5.7,25000000.00
Semien, Marcus,543760,2019,28,187,0.285,0.522,0.891,0.294,0.272,0.495,0.359,88.9,8.5,8.5,5900000.00
Semien,Marcus,543760,2021,30,173,0.265,0.538,0.872,0.276,0.249,0.459,0.32,89.7,9.8,7.1,18000000.00
Shaw, Travis,543768,2016,26,116,0.242,0.421,0.727,0.299,0.234,0.42,0.299,88.7,8,1.7,515000.00
Shaw, Travis,543768,2017,27,147,0.273,0.513,0.862,0.312,0.251,0.44,0.329,88.6,7.4,3.5,544400.00
Shaw, Travis,543768,2018,28,120,0.241,0.48,0.825,0.242,0.242,0.46,0.348,88.9,10.3,4.5,567400.00
Simmons, Andrelton,592743,2015,25,142,0.265,0.338,0.659,0.285,0.274,0.355,0.331,86.4,1,4.5,3000000.00
Simmons, Andrelton,592743,2018,28,162,0.292,0.417,0.754,0.3,0.275,0.388,0.325,88.2,4.1,5.7,11000000.00
Simmons, Andrelton,592743,2017,27,164,0.278,0.421,0.752,0.291,0.261,0.381,0.318,86.1,2.5,7.9,8000000.00
Smith, Mallex,605480,2019,26,116,0.227,0.335,0.635,0.302,0.202,0.285,0.279,85.2,2.2,0,578400.00
Smith, Mallex,605480,2018,25,142,0.296,0.406,0.773,0.366,0.255,0.339,0.331,85.8,1.5,3.5,507500.00
Smith, Will,669257,2022,27,132,0.26,0.465,0.808,0.276,0.257,0.473,0.341,89.9,10.3,4.1,1475000.00
Smith,Pavin,656976,2021,25,133,0.267,0.404,0.732,0.319,0.253,0.397,0.317,87.2,5.1,-0.2,500000.00
Smoak, Justin,475253,2018,31,122,0.242,0.457,0.807,0.297,0.224,0.434,0.336,89.5,10.8,2.5,4125000.00
Smoak, Justin,475253,2017,30,151,0.27,0.529,0.884,0.285,0.278,0.567,0.363,89.6,13.6,3,4125000.00
Solak,Nick,669256,2021,26,111,0.242,0.362,0.676,0.292,0.238,0.361,0.31,86.9,6.5,1,597000.00
Solarte, Yangervis,500208,2018,30,106,0.226,0.378,0.655,0.233,0.251,0.387,0.3,87.1,4.5,-0.3,4125000.00
Solarte, Yangervis,500208,2017,29,119,0.255,0.416,0.73,0.258,0.242,0.376,0.305,85.4,3.9,1.1,2625000.00
Solarte, Yangervis,500208,2015,27,142,0.27,0.428,0.748,0.279,0.25,0.364,0.303,88.1,2.1,2.3,516400.00
Soler, Jorge,624585,2019,27,156,0.265,0.569,0.923,0.294,0.276,0.596,0.364,92.6,16.9,3.5,4666667.00
Soler,Jorge,624585,2021,29,115,0.223,0.432,0.748,0.25,0.25,0.494,0.341,91.2,12.7,-0.1,8050000.00
Soto, Juan,665742,2019,20,153,0.282,0.548,0.949,0.312,0.285,0.575,0.405,92,12.3,5,578300.00
Soto, Juan,665742,2022,23,127,0.242,0.452,0.853,0.249,0.266,0.501,0.42,91,12.4,5.6,17100000.00
Soto,Juan,665742,2021,22,157,0.313,0.534,0.999,0.332,0.305,0.545,0.463,93,13.3,7.1,8500000.00
Souza Jr., Steven,519306,2017,28,125,0.239,0.459,0.81,0.302,0.238,0.458,0.352,88.8,11.5,3.9,546700.00
Span, Denard,452655,2017,33,135,0.272,0.427,0.756,0.295,0.283,0.409,0.34,85.3,3.3,-1.3,11000000.00
Span, Denard,452655,2016,32,152,0.266,0.381,0.712,0.291,0.28,0.389,0.347,86,2.8,1.6,5000000.00
Springer III, George,543807,2018,28,144,0.265,0.434,0.78,0.303,0.253,0.459,0.336,88.6,8.9,2.9,12000000.00
Springer III, George,543807,2022,32,137,0.267,0.472,0.814,0.285,0.265,0.437,0.342,88.7,8.4,4,29666666.00
Springer III, George,543807,2017,27,155,0.283,0.522,0.889,0.297,0.288,0.528,0.373,89.2,9.3,5,3900000.00
Springer III, George,543807,2016,26,168,0.261,0.457,0.816,0.317,0.26,0.471,0.36,89.4,10.5,5.1,522400.00
Springer III, George,543807,2019,29,140,0.292,0.591,0.974,0.305,0.283,0.578,0.379,89.8,14.1,6.4,12000000.00
Stanton, Giancarlo,519317,2018,28,164,0.266,0.509,0.852,0.333,0.241,0.477,0.325,93.7,15.1,4.4,25000000.00
Stanton, Giancarlo,519317,2017,27,168,0.281,0.631,1.007,0.288,0.277,0.599,0.373,92,17.4,7.9,14500000.00
Stanton,Giancarlo,519317,2021,31,139,0.273,0.516,0.87,0.324,0.262,0.498,0.346,95.1,15.7,3.1,29000000.00
Story, Trevor,596115,2017,24,120,0.239,0.457,0.765,0.332,0.217,0.409,0.289,89.4,10.5,2.6,540000.00
Story, Trevor,596115,2018,25,174,0.291,0.567,0.915,0.345,0.266,0.513,0.326,91,12.7,6.2,555000.00
Story, Trevor,596115,2019,26,173,0.294,0.554,0.917,0.361,0.26,0.464,0.334,91,8.6,7,5000000.00
Story,Trevor,596115,2021,28,132,0.251,0.471,0.8,0.293,0.245,0.45,0.326,90.6,9.9,4.2,18500000.00
Strange-Gordon, Dee,543829,2018,30,149,0.268,0.349,0.637,0.304,0.265,0.325,0.287,83.2,0.2,1.2,10800000.00
Strange-Gordon, Dee,543829,2017,29,201,0.308,0.375,0.716,0.354,0.261,0.317,0.3,81.6,0.2,3.8,7800000.00
Strange-Gordon, Dee,543829,2015,27,205,0.333,0.418,0.777,0.383,0.267,0.34,0.298,84.5,1.1,4.3,2500000.00
Straw, Myles,664702,2022,27,118,0.221,0.273,0.564,0.261,0.236,0.301,0.306,87,0.7,2.7,1650000.00
Straw,Myles,664702,2021,26,153,0.271,0.348,0.697,0.336,0.256,0.333,0.336,87.1,1.3,0,1100000.00
Suarez, Eugenio,553993,2016,24,140,0.248,0.411,0.728,0.304,0.236,0.393,0.308,86.6,6.3,1.6,545000.00
Suarez, Eugenio,553993,2019,27,156,0.271,0.572,0.93,0.312,0.247,0.5,0.341,89.3,13.8,3.4,7285714.00
Suarez, Eugenio,553993,2017,25,139,0.26,0.461,0.828,0.309,0.261,0.439,0.368,86.2,6.9,3.5,595000.00
Suarez, Eugenio,553993,2022,30,128,0.236,0.459,0.791,0.302,0.22,0.454,0.321,89.8,14.8,3.9,2250000.00
Suarez, Eugenio,553993,2018,26,149,0.283,0.526,0.892,0.322,0.275,0.515,0.362,91.2,9.7,4,2535714.00
Suarez,Eugenio,553993,2021,29,100,0.198,0.428,0.714,0.224,0.215,0.455,0.302,89.1,15,-0.5,10785714.00
Swanson, Dansby,621020,2017,23,113,0.232,0.324,0.636,0.292,0.244,0.343,0.327,86.9,3,-0.1,540000.00
Swanson, Dansby,621020,2019,25,121,0.251,0.422,0.747,0.3,0.271,0.477,0.346,89.9,10.1,1.1,585000.00
Swanson, Dansby,621020,2018,24,114,0.238,0.395,0.699,0.29,0.231,0.363,0.298,88,4.1,2.2,565000.00
Swanson, Dansby,621020,2022,28,177,0.277,0.447,0.776,0.348,0.257,0.461,0.314,90.2,10.8,5.7,10000000.00
Swanson,Dansby,621020,2021,27,146,0.248,0.449,0.76,0.297,0.251,0.455,0.316,89.3,11.4,2.1,6000000.00
Tapia,Raimel,606132,2021,27,133,0.273,0.372,0.699,0.306,0.25,0.318,0.307,85.7,2.1,0.9,1950000.00
Tatis Jr.,Fernando,665487,2021,22,135,0.282,0.611,0.975,0.324,0.279,0.615,0.363,93.9,21.3,6.6,1714286.00
Taylor, Chris,621035,2018,27,136,0.254,0.444,0.775,0.345,0.239,0.406,0.321,88.9,8.3,4.3,575000.00
Taylor, Chris,621035,2017,26,148,0.288,0.496,0.85,0.361,0.27,0.453,0.339,87.1,8,4.4,535000.00
Taylor, Michael A.,572191,2015,24,108,0.229,0.358,0.64,0.311,0.232,0.382,0.288,88.7,6.3,3.8,5875000.00
Taylor,Chris,621035,2021,30,129,0.254,0.438,0.782,0.337,0.237,0.422,0.33,88.2,10.2,2.5,7800000.00
Taylor,Michael A.,572191,2021,30,118,0.244,0.356,0.653,0.319,0.246,0.39,0.299,89.4,6.6,2.6,1750000.00
Tellez, Rowdy,642133,2022,27,116,0.219,0.461,0.767,0.215,0.252,0.479,0.337,91.1,12.9,0.8,1940000.00
Thames, Eric,519346,2017,30,116,0.247,0.518,0.877,0.309,0.228,0.455,0.343,88.2,11.1,1,4000000.00
Thomas, Lane,657041,2022,26,120,0.241,0.404,0.705,0.291,0.222,0.357,0.286,86.4,6.5,1.6,723600.00
Tomas, Yasmany,630111,2016,25,144,0.272,0.508,0.821,0.31,0.275,0.497,0.317,90.6,10.6,-0.9,7500000.00
Torres, Gleyber,650402,2019,22,152,0.278,0.535,0.872,0.296,0.257,0.492,0.32,89.1,10.1,3,605200.00
Torres, Gleyber,650402,2022,25,135,0.257,0.451,0.761,0.295,0.244,0.441,0.298,90.4,10.7,4.1,6250000.00
Torres,Gleyber,650402,2021,24,119,0.259,0.366,0.697,0.314,0.265,0.423,0.336,87.1,7.8,0.8,4000000.00
Trout, Mike,545361,2017,25,123,0.306,0.629,1.071,0.318,0.294,0.589,0.434,88.8,13.3,6.9,20083000.00
Trout, Mike,545361,2019,27,137,0.291,0.645,1.083,0.298,0.31,0.678,0.456,90.9,18.9,7.9,17666667.00
Trout, Mike,545361,2015,23,172,0.299,0.59,0.992,0.344,0.297,0.588,0.405,92.9,16.4,9.6,6083000.00
Trout, Mike,545361,2018,26,147,0.312,0.628,1.088,0.346,0.294,0.602,0.446,91.2,16.5,9.9,34083000.00
Trout, Mike,545361,2016,24,173,0.315,0.55,0.991,0.371,0.304,0.573,0.436,90.9,14.4,10.5,16083000.00
Trumbo, Mark,444432,2017,31,131,0.234,0.397,0.686,0.278,0.237,0.403,0.291,89.8,7.1,-0.5,11500000.00
Trumbo, Mark,444432,2015,29,133,0.262,0.449,0.759,0.313,0.252,0.442,0.302,92,9.8,1.7,6900000.00
Trumbo, Mark,444432,2016,30,157,0.256,0.533,0.849,0.278,0.267,0.549,0.327,92.8,15.6,2.1,9150000.00
Tucker, Kyle,663656,2022,25,140,0.257,0.478,0.808,0.261,0.262,0.482,0.336,90,10.2,5.3,764200.00
Tucker,Kyle,663656,2021,24,149,0.294,0.557,0.916,0.304,0.303,0.576,0.369,91.4,11.6,5.7,590000.00
Tulowitzki, Troy,453064,2015,30,136,0.28,0.44,0.777,0.331,0.256,0.416,0.318,90,5.3,2.6,20000000.00
Tulowitzki, Troy,453064,2016,31,125,0.254,0.443,0.761,0.272,0.266,0.49,0.331,90,9.6,3.2,20000000.00
Turner, Justin,457759,2022,37,130,0.278,0.438,0.788,0.313,0.267,0.427,0.343,89.5,8,2,20000000.00
Turner, Justin,457759,2019,34,139,0.29,0.509,0.881,0.304,0.286,0.516,0.372,90.3,7.8,3.8,19000000.00
Turner, Justin,457759,2016,31,153,0.275,0.493,0.832,0.293,0.276,0.486,0.342,90.6,8.8,5,5100000.00
Turner, Justin,457759,2017,32,147,0.322,0.53,0.945,0.326,0.298,0.548,0.398,89.4,8.6,5.6,13000000.00
Turner, Trea,607208,2019,26,155,0.298,0.497,0.85,0.348,0.279,0.455,0.337,90.4,6.8,4,3725000.00
Turner, Trea,607208,2018,25,180,0.271,0.416,0.76,0.314,0.273,0.415,0.347,89.1,5.8,4.7,577200.00
Turner, Trea,607208,2022,29,194,0.298,0.466,0.809,0.342,0.276,0.432,0.327,88.9,7.6,4.9,21000000.00
Turner,Justin,457759,2021,36,148,0.278,0.471,0.832,0.292,0.27,0.47,0.358,90.9,7.9,3.5,12000000.00
Turner,Trea,607208,2021,28,195,0.328,0.536,0.911,0.362,0.304,0.485,0.355,89.6,7.4,6.4,13000000.00
Upton, Justin,457708,2016,28,140,0.246,0.465,0.775,0.301,0.253,0.488,0.317,91.3,12.5,1.7,22125000.00
Upton, Justin,457708,2018,30,137,0.257,0.463,0.807,0.321,0.25,0.466,0.342,90.7,14,3.7,16000000.00
Upton, Justin,457708,2015,27,136,0.251,0.454,0.79,0.304,0.231,0.426,0.322,89.8,10.1,4.2,14500000.00
Upton, Justin,457708,2017,29,152,0.273,0.54,0.901,0.341,0.255,0.508,0.345,88.8,13.2,5.7,22125000.00
Upton Jr., B.J.,425834,2016,31,117,0.238,0.402,0.693,0.3,0.231,0.394,0.286,88.3,5.8,1.4,15450000.00
Urias,Luis,649966,2021,24,122,0.249,0.445,0.79,0.28,0.241,0.427,0.338,87.9,9.3,3.3,581000.00
Urshela, Gio,570482,2022,30,143,0.285,0.429,0.767,0.326,0.268,0.416,0.324,88.9,7,3.1,6550000.00
Utley, Chase,400284,2016,37,129,0.252,0.396,0.715,0.299,0.259,0.389,0.326,87.7,4.3,1.2,7000000.00
Valencia, Danny,502143,2016,31,135,0.287,0.446,0.792,0.346,0.277,0.469,0.338,90.1,7.8,1.4,3150000.00
Varsho, Daulton,662139,2022,25,125,0.235,0.443,0.745,0.269,0.213,0.389,0.285,87.7,10.2,4.9,721000.00
Vaughn, Andrew,683734,2022,24,138,0.271,0.429,0.75,0.301,0.255,0.415,0.311,90.8,7.9,-0.2,715000.00
Vazquez, Christian,543877,2019,28,133,0.276,0.477,0.797,0.305,0.25,0.441,0.3,89.4,5.9,2.3,2850000.00
Verdugo, Alex,657077,2022,26,166,0.28,0.405,0.733,0.309,0.278,0.428,0.327,89.1,6,1.1,3550000.00
Verdugo,Alex,657077,2021,25,157,0.289,0.426,0.777,0.327,0.284,0.441,0.348,90,7.1,2.3,600000.00
Villar, Jonathan,542340,2018,27,121,0.26,0.384,0.709,0.339,0.223,0.351,0.293,88.5,5.1,2.9,2550000.00
Villar, Jonathan,542340,2016,25,168,0.285,0.457,0.826,0.372,0.242,0.377,0.335,90.3,6.4,3.2,512900.00
Villar, Jonathan,542340,2019,28,176,0.274,0.453,0.792,0.341,0.246,0.412,0.315,88.9,6.8,4.3,4825000.00
Villar,Jonathan,542340,2021,30,113,0.249,0.416,0.738,0.313,0.235,0.388,0.31,88,7.4,1.7,3550000.00
Vogelbach, Daniel,596129,2019,26,96,0.208,0.439,0.78,0.232,0.224,0.44,0.356,88.8,10.5,1.1,558600.00
Vogt, Stephen,519390,2016,31,123,0.251,0.406,0.711,0.275,0.26,0.413,0.314,85.9,5.1,2.1,527500.00
Vogt, Stephen,519390,2015,30,116,0.261,0.443,0.784,0.29,0.248,0.399,0.335,86.9,5.6,3.7,512500.00
Voit III, Luke,572228,2022,31,113,0.226,0.402,0.71,0.298,0.222,0.434,0.306,89.8,14.7,0.8,5450000.00
Voit III, Luke,572228,2019,28,113,0.263,0.464,0.842,0.345,0.246,0.495,0.364,89.7,13.2,1.3,573200.00
Votto, Joey,458015,2019,35,137,0.261,0.411,0.768,0.313,0.259,0.446,0.359,88.9,6.9,1.4,25000000.00
Votto, Joey,458015,2018,34,143,0.284,0.419,0.836,0.333,0.285,0.472,0.42,88.1,6.7,3.6,25000000.00
Votto, Joey,458015,2016,32,181,0.326,0.55,0.984,0.366,0.301,0.532,0.416,89.6,9.7,4.2,20000000.00
Votto, Joey,458015,2015,31,171,0.314,0.541,1,0.371,0.289,0.541,0.443,90.2,10.9,7.8,14000000.00
Votto, Joey,458015,2017,33,179,0.32,0.578,1.032,0.321,0.299,0.555,0.439,87.5,9.1,8.1,22000000.00
Votto,Joey,458015,2021,37,119,0.266,0.563,0.938,0.287,0.274,0.592,0.383,92.9,17.2,3.7,25000000.00
Walker, Christian,572233,2019,28,137,0.259,0.476,0.824,0.312,0.262,0.516,0.351,91.1,13.1,2.8,559800.00
Walker, Christian,572233,2022,31,141,0.242,0.477,0.804,0.248,0.257,0.484,0.343,90,11.5,5.1,2600000.00
Walker, Neil,435522,2015,29,146,0.269,0.427,0.755,0.306,0.249,0.412,0.313,88.9,4.8,2.2,8000000.00
Walsh,Jared,665120,2021,27,147,0.277,0.509,0.849,0.335,0.256,0.434,0.322,89.6,11.3,2.8,580000.00
Ward, Taylor,621493,2022,28,139,0.281,0.473,0.833,0.325,0.268,0.474,0.352,90,12.4,3.7,720000.00
Wendle, Joey,621563,2018,28,146,0.3,0.435,0.789,0.353,0.26,0.367,0.323,88.8,2.7,4.9,507500.00
Werth, Jayson,150029,2016,37,128,0.244,0.417,0.752,0.288,0.247,0.422,0.343,91.4,7.4,0.3,21000000.00
Winker, Jesse,608385,2022,28,100,0.219,0.344,0.688,0.251,0.249,0.403,0.369,87.7,7.6,-0.3,6250000.00
Wisdom, Patrick,621550,2022,30,97,0.207,0.426,0.724,0.274,0.188,0.38,0.284,90.7,14.2,0.9,730000.00
Witt Jr., Bobby,677951,2022,22,150,0.254,0.428,0.722,0.295,0.252,0.427,0.294,89.7,8.7,0.9,700000.00
Wong, Kolten,543939,2015,24,146,0.262,0.386,0.707,0.296,0.26,0.367,0.324,87.5,3,2.6,520000.00
Wong, Kolten,543939,2019,28,136,0.285,0.423,0.784,0.321,0.242,0.349,0.326,86.1,2.2,5.1,6500000.00
Yastrzemski, Mike,573262,2022,31,104,0.214,0.392,0.697,0.261,0.22,0.392,0.313,89.9,11.1,1.9,3700000.00
Yastrzemski,Mike,573262,2021,30,105,0.224,0.457,0.768,0.254,0.221,0.431,0.309,89.5,10.3,2.5,704000.00
Yelich, Christian,592885,2022,30,145,0.252,0.383,0.738,0.327,0.258,0.404,0.36,91.5,8.2,2.7,26000000.00
Yelich, Christian,592885,2015,23,143,0.3,0.416,0.782,0.37,0.304,0.443,0.37,91.7,4.8,3.6,570000.00
Yelich, Christian,592885,2017,25,170,0.282,0.439,0.808,0.336,0.287,0.46,0.376,90.6,7,3.7,3500000.00
Yelich, Christian,592885,2016,24,172,0.298,0.483,0.859,0.356,0.306,0.513,0.389,92.6,9.7,4.9,1000000.00
Yelich, Christian,592885,2019,27,161,0.329,0.671,1.1,0.355,0.314,0.629,0.419,93.3,15.8,7,9750000.00
Yelich, Christian,592885,2018,26,187,0.326,0.598,1,0.373,0.318,0.571,0.398,92.6,12.9,7.3,7000000.00
Zimmerman, Ryan,475582,2017,32,159,0.303,0.573,0.931,0.335,0.29,0.555,0.347,91.4,12.2,2.6,14000000.00
Zobrist, Ben,450314,2015,34,129,0.276,0.45,0.809,0.288,0.26,0.382,0.347,88.6,3.6,2.4,7500000.00
Zobrist, Ben,450314,2016,35,142,0.272,0.446,0.832,0.29,0.276,0.418,0.393,89.2,4.5,3.4,10500000.00
Zobrist, Ben,450314,2018,37,139,0.305,0.44,0.818,0.331,0.275,0.39,0.354,89.9,3,3.5,16500000.00
